Gender,name,ID,Country
1,Alexander,AIU00000000,Afghanistan
1,Olivia,AIU00000001,Albania
1,Liam,AIU00000002,Algeria
1,Emma,AIU00000003,Andorra
1,Noah,AIU00000004,Angola
1,Ava,AIU00000005,Antigua
1,William,AIU00000006,Argentina
1,Sophia,AIU00000007,Armenia
1,James,AIU00000008,Australia
1,Isabella,AIU00000009,Austria
1,Benjamin,AIU00000010,Azerbaijan
1,Mia,AIU00000011,Bahamas
1,Lucas,AIU00000012,Bahrain
1,Amelia,AIU00000013,Bangladesh
1,Henry,AIU00000014,Barbados
1,Harper,AIU00000015,Belarus
1,Ethan,AIU00000016,Belgium
1,Evelyn,AIU00000017,Belize
1,Matthew,AIU00000018,Benin
1,Abigail,AIU00000019,Bhutan
1,Samuel,AIU00000020,Bolivia
1,Ella,AIU00000021,Bosnia
1,David,AIU00000022,Botswana
1,Scarlett,AIU00000023,Brazil
1,Joseph,AIU00000024,Brunei
1,Grace,AIU00000025,Bulgaria
1,Michael,AIU00000026,Burkina
1,Lily,AIU00000027,Burundi
1,Daniel,AIU00000028,Cabo
1,Aria,AIU00000029,Cambodia
1,Aiden,AIU00000030,Cameroon
1,Chloe,AIU00000031,Canada
1,Logan,AIU00000032,Central
1,Isla,AIU00000033,Chad
1,Jackson,AIU00000034,Chile
1,Charlotte,AIU00000035,China
1,Sebastian,AIU00000036,Colombia
1,Aurora,AIU00000037,Comoros
1,Jack,AIU00000038,Congo
1,Zoey,AIU00000039,Costa Rica
1,Owen,AIU00000040,Croatia
1,Stella,AIU00000041,Cuba
1,Gabriel,AIU00000042,Cyprus
1,Natalie,AIU00000043,Czech
1,Carter,AIU00000044,Denmark
1,Emilia,AIU00000045,Djibouti
1,Wyatt,AIU00000046,Dominica
1,Zoe,AIU00000047,Dominican
1,Jayden,AIU00000048,East Timor
1,Alice,AIU00000049,Ecuador
1,Julian,AIU00000050,Egypt
1,Leah,AIU00000051,Salvador
1,Luke,AIU00000052,Equatorial
1,Hazel,AIU00000053,Eritrea
1,Isaac,AIU00000054,Estonia
1,Ellie,AIU00000055,Eswatini
1,Levi,AIU00000056,Ethiopia
1,Luna,AIU00000057,Fiji
1,Mateo,AIU00000058,Finland
1,Savannah,AIU00000059,France
1,Anthony,AIU00000060,Guinea
1,Skylar,AIU00000061,Gambia
1,Jaxon,AIU00000062,Georgia
1,Audrey,AIU00000063,Guinea
1,Lincoln,AIU00000064,Guinea
1,Bella,AIU00000065,Guinea
1,Joshua,AIU00000066,Guinea
1,Nora,AIU00000067,Guinea
1,Christopher,AIU00000068,Guinea
1,Mila,AIU00000069,Guinea
1,Grayson,AIU00000070,Guinea
1,Layla,AIU00000071,Guinea
1,Caleb,AIU00000072,Guinea
1,Lillian,AIU00000073,Guinea
1,Ryan,AIU00000074,Guinea
1,Addison,AIU00000075,Guinea
1,Nathan,AIU00000076,Guinea
1,Lucy,AIU00000077,Guinea
1,Dylan,AIU00000078,Iraq
1,Paisley,AIU00000079,Ireland
1,Eli,AIU00000080,Israel
1,Aurora,AIU00000081,Italy
1,Aaron,AIU00000082,Jamaica
1,Stella,AIU00000083,Japan
1,Charles,AIU00000084,Jordan
1,Leah,AIU00000085,Kazakhstan
1,Thomas,AIU00000086,Kenya
1,Bella,AIU00000087,Kiribati
1,Zachary,AIU00000088,Korea
1,Ellie,AIU00000089,Korea
1,Josiah,AIU00000090,Kosovo
1,Chloe,AIU00000091,Kuwait
1,Adrian,AIU00000092,Kyrgyzstan
1,Mila,AIU00000093,Laos
1,Nicholas,AIU00000094,Latvia
1,Riley,AIU00000095,Lebanon
1,Joshua,AIU00000096,Lesotho
1,Sophie,AIU00000097,Liberia
1,Adam,AIU00000098,Libya
1,Maya,AIU00000099,Liechtenstein
1,Aaron,AIU00000100,Lithuania
1,Hannah,AIU00000101,Luxembourg
1,Levi,AIU00000102,Madagascar
1,Audrey,AIU00000103,Malawi
1,Hunter,AIU00000104,Malaysia
1,Eva,AIU00000105,Maldives
1,Christian,AIU00000106,Mali
1,Evelyn,AIU00000107,Malta
1,Eli,AIU00000108,Marshall
1,Arianna,AIU00000109,Mauritania
1,Asher,AIU00000110,Mauritius
1,Sofia,AIU00000111,Mexico
1,Max,AIU00000112,Micronesia
1,Hannah,AIU00000113,Moldova
1,Josiah,AIU00000114,Monaco
1,Maya,AIU00000115,Mongolia
1,Jonathan,AIU00000116,Montenegro
1,Addison,AIU00000117,Morocco
1,Levi,AIU00000118,Mozambique
1,Ellie,AIU00000119,Myanmar
1,Caleb,AIU00000120,Namibia
1,Lucy,AIU00000121,Nauru
1,Daniel,AIU00000122,Nepal
1,Skylar,AIU00000123,Netherlands
1,Leo,AIU00000124,New Zealand
1,Ruby,AIU00000125,Nicaragua
1,Adrian,AIU00000126,Niger
1,Zoe,AIU00000127,Guinea
1,Gabriel,AIU00000128,Guinea
1,Aurora,AIU00000129,Guinea
1,Jack,AIU00000130,Guinea
1,Lily,AIU00000131,Guinea
1,Jason,AIU00000132,Guinea
1,Alice,AIU00000133,Guinea
1,Thomas,AIU00000134,Guinea
1,Scarlett,AIU00000135,Guinea
1,Alex,AIU00000136,Guinea
1,Leah,AIU00000137,Guinea
1,Mateo,AIU00000138,Guinea
1,Emily,AIU00000139,Guinea
1,Noah,AIU00000140,Guinea
1,Mia,AIU00000141,Guinea
1,William,AIU00000142,Guinea
1,Sofia,AIU00000143,Guinea
1,James,AIU00000144,Guinea
1,Isabella,AIU00000145,Guinea
1,Benjamin,AIU00000146,Guinea
1,Emma,AIU00000147,Guinea
1,Lucas,AIU00000148,Guinea
1,Amelia,AIU00000149,Guinea
1,Henry,AIU00000150,Guinea
1,Harper,AIU00000151,Guinea
1,Ethan,AIU00000152,Guinea
1,Evelyn,AIU00000153,Guinea
1,Matthew,AIU00000154,Guinea
1,Abigail,AIU00000155,Guinea
1,Samuel,AIU00000156,Guinea
1,Ella,AIU00000157,Guinea
1,David,AIU00000158,Guinea
1,Scarlett,AIU00000159,Guinea
1,Joseph,AIU00000160,Guinea
1,Grace,AIU00000161,Guinea
1,Michael,AIU00000162,Guinea
1,Lily,AIU00000163,Guinea
1,Daniel,AIU00000164,Guinea
1,Aria,AIU00000165,Guinea
1,Aiden,AIU00000166,Guinea
1,Chloe,AIU00000167,Guinea
1,Logan,AIU00000168,Guinea
1,Isla,AIU00000169,Guinea
1,Jackson,AIU00000170,Guinea
1,Charlotte,AIU00000171,Guinea
1,Sebastian,AIU00000172,Guinea
1,Aurora,AIU00000173,Guinea
1,Jack,AIU00000174,Guinea
1,Zoey,AIU00000175,Guinea
1,Owen,AIU00000176,Guinea
1,Stella,AIU00000177,Guinea
1,Gabriel,AIU00000178,Guinea
1,Natalie,AIU00000179,Guinea
1,Carter,AIU00000180,Guinea
1,Emilia,AIU00000181,Guinea
1,Wyatt,AIU00000182,Guinea
1,Zoe,AIU00000183,Guinea
1,Jayden,AIU00000184,Guinea
1,Alice,AIU00000185,Guinea
1,Julian,AIU00000186,Guinea
1,Leah,AIU00000187,Guinea
1,Luke,AIU00000188,Guinea
1,Hazel,AIU00000189,Guinea
1,Isaac,AIU00000190,Guinea
1,Ellie,AIU00000191,Guinea
1,Levi,AIU00000192,Guinea
1,Luna,AIU00000193,Algeria
1,Mateo,AIU00000194,Andorra
1,Savannah,AIU00000195,Angola
1,Anthony,AIU00000196,Antigua and Barbuda
1,Skylar,AIU00000197,Argentina
1,Jaxon,AIU00000198,Armenia
1,Audrey,AIU00000199,Australia
1,Lincoln,AIU00000200,Austria
1,Bella,AIU00000201,Azerbaijan
1,Joshua,AIU00000202,Bahamas
1,Nora,AIU00000203,Bahrain
1,Christopher,AIU00000204,Bangladesh
1,Mila,AIU00000205,Barbados
1,Grayson,AIU00000206,Belarus
1,Layla,AIU00000207,Belgium
1,Caleb,AIU00000208,Belize
1,Lillian,AIU00000209,Benin
1,Ryan,AIU00000210,Bhutan
1,Addison,AIU00000211,Bolivia
1,Nathan,AIU00000212,Bosnia and Herzegovina
1,Lucy,AIU00000213,Botswana
1,Dylan,AIU00000214,Brazil
1,Paisley,AIU00000215,Brunei
1,Eli,AIU00000216,Bulgaria
1,Aurora,AIU00000217,Burkina Faso
1,Aaron,AIU00000218,Burundi
1,Stella,AIU00000219,Cabo Verde
1,Charles,AIU00000220,Cambodia
1,Leah,AIU00000221,Cameroon
1,Thomas,AIU00000222,Canada
1,Bella,AIU00000223,Central African Republic
1,Zachary,AIU00000224,Chad
1,Ellie,AIU00000225,Chile
1,Josiah,AIU00000226,China
1,Chloe,AIU00000227,Colombia
1,Adrian,AIU00000228,Comoros
1,Mila,AIU00000229,Congo
1,Nicholas,AIU00000230,Costa Rica
1,Riley,AIU00000231,Croatia
1,Joshua,AIU00000232,Cuba
1,Sophie,AIU00000233,Cyprus
1,Adam,AIU00000234,Czech Republic
1,Maya,AIU00000235,Denmark
1,Aaron,AIU00000236,Djibouti
1,Hannah,AIU00000237,Dominica
1,Levi,AIU00000238,Dominican Republic
1,Audrey,AIU00000239,East Timor
1,Hunter,AIU00000240,Ecuador
1,Eva,AIU00000241,Egypt
1,Christian,AIU00000242,El Salvador
1,Evelyn,AIU00000243,Equatorial Guinea
1,Eli,AIU00000244,Eritrea
1,Arianna,AIU00000245,Estonia
1,Asher,AIU00000246,Eswatini
1,Sofia,AIU00000247,Ethiopia
1,Max,AIU00000248,Fiji
1,Hannah,AIU00000249,Finland
1,Josiah,AIU00000250,France
1,Maya,AIU00000251,Gabon
1,Jonathan,AIU00000252,Gambia
1,Addison,AIU00000253,Georgia
1,Levi,AIU00000254,Germany
1,Ellie,AIU00000255,Ghana
1,Caleb,AIU00000256,Greece
1,Lucy,AIU00000257,Grenada
1,Daniel,AIU00000258,Guatemala
1,Skylar,AIU00000259,Guinea
1,Leo,AIU00000260,Guinea-Bissau
1,Ruby,AIU00000261,Guyana
1,Adrian,AIU00000262,Haiti
1,Zoe,AIU00000263,Honduras
1,Gabriel,AIU00000264,Hungary
1,Aurora,AIU00000265,Iceland
1,Jack,AIU00000266,India
1,Lily,AIU00000267,Indonesia
1,Jason,AIU00000268,Iran
1,Alice,AIU00000269,Iraq
1,Thomas,AIU00000270,Ireland
1,Scarlett,AIU00000271,Israel
1,Alex,AIU00000272,Italy
1,Leah,AIU00000273,Jamaica
1,Mateo,AIU00000274,Japan
1,Emily,AIU00000275,Jordan
1,Noah,AIU00000276,Kazakhstan
1,Mia,AIU00000277,Kenya
1,William,AIU00000278,Kiribati
1,Sofia,AIU00000279,"Korea, North"
1,James,AIU00000280,"Korea, South"
1,Isabella,AIU00000281,Kosovo
1,Benjamin,AIU00000282,Kuwait
1,Emma,AIU00000283,Kyrgyzstan
1,Lucas,AIU00000284,Laos
1,Amelia,AIU00000285,Latvia
1,Henry,AIU00000286,Lebanon
1,Harper,AIU00000287,Lesotho
1,Ethan,AIU00000288,Liberia
1,Evelyn,AIU00000289,Libya
1,Matthew,AIU00000290,Liechtenstein
1,Abigail,AIU00000291,Lithuania
1,Samuel,AIU00000292,Luxembourg
1,Ella,AIU00000293,Madagascar
1,David,AIU00000294,Malawi
1,Scarlett,AIU00000295,Malaysia
1,Joseph,AIU00000296,Malaysia
1,Grace,AIU00000297,Malaysia
1,Michael,AIU00000298,Malaysia
1,Lily,AIU00000299,Malaysia
1,Daniel,AIU00000300,Malaysia
1,Aria,AIU00000301,Malaysia
1,Aiden,AIU00000302,Malaysia
1,Chloe,AIU00000303,Malaysia
1,Logan,AIU00000304,Moldova
1,Isla,AIU00000305,Monaco
1,Jackson,AIU00000306,Mongolia
1,Charlotte,AIU00000307,Montenegro
1,Sebastian,AIU00000308,Morocco
1,Aurora,AIU00000309,Mozambique
1,Jack,AIU00000310,Myanmar
1,Zoey,AIU00000311,Malaysia
1,Owen,AIU00000312,Nauru
1,Stella,AIU00000313,Nepal
1,Gabriel,AIU00000314,Malaysia
1,Natalie,AIU00000315,New Zealand
1,Carter,AIU00000316,Nicaragua
1,Emilia,AIU00000317,Malaysia
1,Wyatt,AIU00000318,Malaysia
1,Zoe,AIU00000319,Malaysia
1,Jayden,AIU00000320,Malaysia
1,Alice,AIU00000321,Malaysia
1,Julian,AIU00000322,Malaysia
1,Leah,AIU00000323,Malaysia
1,Luke,AIU00000324,Malaysia
1,Hazel,AIU00000325,Moldova
1,Isaac,AIU00000326,Monaco
1,Ellie,AIU00000327,Mongolia
1,Levi,AIU00000328,Montenegro
1,Luna,AIU00000329,Morocco
1,Mateo,AIU00000330,Mozambique
1,Savannah,AIU00000331,Myanmar
1,Anthony,AIU00000332,Malaysia
1,Skylar,AIU00000333,Nauru
1,Jaxon,AIU00000334,Malaysia
1,Audrey,AIU00000335,Malaysia
1,Lincoln,AIU00000336,Malaysia
1,Bella,AIU00000337,Malaysia
1,Joshua,AIU00000338,Malaysia
1,Nora,AIU00000339,Malaysia
1,Christopher,AIU00000340,Malaysia
1,Mila,AIU00000341,Malaysia
1,Grayson,AIU00000342,Moldova
1,Layla,AIU00000343,Monaco
1,Caleb,AIU00000344,Mongolia
1,Lillian,AIU00000345,Montenegro
1,Ryan,AIU00000346,Morocco
1,Addison,AIU00000347,Mozambique
1,Nathan,AIU00000348,Myanmar
1,Lucy,AIU00000349,Malaysia
1,Dylan,AIU00000350,Nauru
1,Paisley,AIU00000351,Malaysia
1,Eli,AIU00000352,Malaysia
1,Aurora,AIU00000353,Malaysia
1,Aaron,AIU00000354,Malaysia
1,Stella,AIU00000355,Malaysia
1,Charles,AIU00000356,Suriname
1,Leah,AIU00000357,Sweden
1,Thomas,AIU00000358,Switzerland
1,Bella,AIU00000359,Syria
1,Zachary,AIU00000360,Taiwan
1,Ellie,AIU00000361,Tajikistan
1,Josiah,AIU00000362,Tanzania
1,Chloe,AIU00000363,Thailand
1,Adrian,AIU00000364,Timor-Leste
1,Mila,AIU00000365,Turkey
1,Nicholas,AIU00000366,Turkmenistan
1,Riley,AIU00000367,Tuvalu
1,Joshua,AIU00000368,Uganda
1,Sophie,AIU00000369,Ukraine
1,Adam,AIU00000370,United Arab Emirates
1,Maya,AIU00000371,United Kingdom
1,Aaron,AIU00000372,United States
1,Hannah,AIU00000373,Uruguay
1,Levi,AIU00000374,Uzbekistan
1,Audrey,AIU00000375,Vanuatu
1,Hunter,AIU00000376,Vatican City
1,Eva,AIU00000377,Venezuela
1,Christian,AIU00000378,Vietnam
1,Evelyn,AIU00000379,Yemen
1,Eli,AIU00000380,Zambia
1,Arianna,AIU00000381,Zimbabwe
1,Asher,AIU00000382,Afghanistan
1,Sofia,AIU00000383,Albania
1,Max,AIU00000384,Algeria
1,Hannah,AIU00000385,Andorra
1,Josiah,AIU00000386,Angola
1,Maya,AIU00000387,Antigua and Barbuda
1,Jonathan,AIU00000388,Argentina
1,Addison,AIU00000389,Armenia
1,Levi,AIU00000390,Australia
1,Ellie,AIU00000391,Austria
1,Caleb,AIU00000392,Azerbaijan
1,Lucy,AIU00000393,Bahamas
1,Daniel,AIU00000394,Bahrain
1,Skylar,AIU00000395,Bangladesh
1,Leo,AIU00000396,Barbados
1,Ruby,AIU00000397,Belarus
1,Adrian,AIU00000398,Belgium
1,Zoe,AIU00000399,Belize
1,Gabriel,AIU00000400,Benin
1,Aurora,AIU00000401,Bhutan
1,Jack,AIU00000402,Bolivia
1,Lily,AIU00000403,Bosnia and Herzegovina
1,Jason,AIU00000404,Botswana
1,Alice,AIU00000405,Brazil
1,Thomas,AIU00000406,Brunei
1,Scarlett,AIU00000407,Bulgaria
1,Alex,AIU00000408,Burkina Faso
1,Leah,AIU00000409,Burundi
1,Mateo,AIU00000410,Cabo Verde
1,Emily,AIU00000411,Cambodia
1,Noah,AIU00000412,Cameroon
1,Mia,AIU00000413,Canada
1,William,AIU00000414,Central African Republic
1,Sofia,AIU00000415,Chad
1,James,AIU00000416,Chile
1,Isabella,AIU00000417,China
1,Benjamin,AIU00000418,Colombia
1,Emma,AIU00000419,Comoros
1,Lucas,AIU00000420,Congo
1,Amelia,AIU00000421,Costa Rica
1,Henry,AIU00000422,Croatia
1,Harper,AIU00000423,Cuba
1,Ethan,AIU00000424,Cyprus
1,Evelyn,AIU00000425,Czech Republic
1,Matthew,AIU00000426,Denmark
1,Abigail,AIU00000427,Djibouti
1,Samuel,AIU00000428,Dominica
1,Ella,AIU00000429,Dominican Republic
1,David,AIU00000430,East Timor
1,Scarlett,AIU00000431,Ecuador
1,Joseph,AIU00000432,Egypt
1,Grace,AIU00000433,El Salvador
1,Michael,AIU00000434,Equatorial Guinea
1,Lily,AIU00000435,Eritrea
1,Daniel,AIU00000436,Estonia
1,Aria,AIU00000437,Eswatini
1,Aiden,AIU00000438,Ethiopia
1,Chloe,AIU00000439,Fiji
1,Logan,AIU00000440,Finland
1,Isla,AIU00000441,France
1,Jackson,AIU00000442,Gabon
1,Charlotte,AIU00000443,Gambia
1,Sebastian,AIU00000444,Georgia
1,Aurora,AIU00000445,Germany
1,Jack,AIU00000446,Ghana
1,Zoey,AIU00000447,Greece
1,Owen,AIU00000448,Micronesia
1,Stella,AIU00000449,Moldova
1,Gabriel,AIU00000450,Monaco
1,Natalie,AIU00000451,Mongolia
1,Carter,AIU00000452,Montenegro
1,Emilia,AIU00000453,Morocco
1,Wyatt,AIU00000454,Mozambique
1,Zoe,AIU00000455,Myanmar
1,Jayden,AIU00000456,Myanmar
1,Alice,AIU00000457,Nauru
1,Julian,AIU00000458,Myanmar
1,Leah,AIU00000459,Myanmar
1,Luke,AIU00000460,New Zealand
1,Hazel,AIU00000461,Myanmar
1,Isaac,AIU00000462,Myanmar
1,Ellie,AIU00000463,Myanmar
1,Levi,AIU00000464,Myanmar
1,Luna,AIU00000465,Myanmar
1,Mateo,AIU00000466,Myanmar
1,Savannah,AIU00000467,Myanmar
1,Anthony,AIU00000468,Palau
1,Skylar,AIU00000469,Panama
1,Jaxon,AIU00000470,Morocco
1,Audrey,AIU00000471,Mozambique
1,Lincoln,AIU00000472,Myanmar
1,Bella,AIU00000473,Myanmar
1,Joshua,AIU00000474,Nauru
1,Nora,AIU00000475,Myanmar
1,Christopher,AIU00000476,Myanmar
1,Mila,AIU00000477,New Zealand
1,Grayson,AIU00000478,Myanmar
1,Layla,AIU00000479,Myanmar
1,Caleb,AIU00000480,Myanmar
1,Lillian,AIU00000481,Myanmar
1,Ryan,AIU00000482,Myanmar
1,Addison,AIU00000483,Myanmar
1,Nathan,AIU00000484,Myanmar
1,Lucy,AIU00000485,Morocco
1,Dylan,AIU00000486,Mozambique
1,Paisley,AIU00000487,Myanmar
1,Eli,AIU00000488,Myanmar
1,Aurora,AIU00000489,Nauru
1,Aaron,AIU00000490,Myanmar
1,Stella,AIU00000491,Myanmar
1,Charles,AIU00000492,New Zealand
1,Leah,AIU00000493,Myanmar
1,Thomas,AIU00000494,Myanmar
1,Bella,AIU00000495,Myanmar
1,Zachary,AIU00000496,Myanmar
1,Ellie,AIU00000497,Myanmar
2,Josiah,AIU00000498,Myanmar
2,Chloe,AIU00000499,Myanmar
2,Adrian,AIU00000500,Morocco
2,Mila,AIU00000501,Mozambique
2,Nicholas,AIU00000502,Myanmar
2,Riley,AIU00000503,Myanmar
2,Joshua,AIU00000504,Nauru
2,Sophie,AIU00000505,Myanmar
2,Adam,AIU00000506,Myanmar
2,Maya,AIU00000507,New Zealand
2,Aaron,AIU00000508,Myanmar
2,Hannah,AIU00000509,Myanmar
2,Levi,AIU00000510,Myanmar
2,Audrey,AIU00000511,Myanmar
2,Hunter,AIU00000512,Myanmar
2,Eva,AIU00000513,Myanmar
2,Christian,AIU00000514,Turkey
2,Evelyn,AIU00000515,Turkmenistan
2,Eli,AIU00000516,Tuvalu
2,Arianna,AIU00000517,Uganda
2,Asher,AIU00000518,Ukraine
2,Sofia,AIU00000519,United Arab Emirates
2,Max,AIU00000520,United Kingdom
2,Hannah,AIU00000521,United States
2,Josiah,AIU00000522,Uruguay
2,Maya,AIU00000523,Uzbekistan
2,Jonathan,AIU00000524,Vanuatu
2,Addison,AIU00000525,Vatican City
2,Levi,AIU00000526,Venezuela
2,Ellie,AIU00000527,Vietnam
2,Caleb,AIU00000528,Yemen
2,Lucy,AIU00000529,Zambia
2,Daniel,AIU00000530,Zimbabwe
2,Skylar,AIU00000531,Afghanistan
2,Leo,AIU00000532,Albania
2,Ruby,AIU00000533,Algeria
2,Adrian,AIU00000534,Andorra
2,Zoe,AIU00000535,Angola
2,Gabriel,AIU00000536,Antigua and Barbuda
2,Aurora,AIU00000537,Argentina
2,Jack,AIU00000538,Armenia
2,Lily,AIU00000539,Australia
2,Jason,AIU00000540,Austria
2,Alice,AIU00000541,Azerbaijan
2,Thomas,AIU00000542,Bahamas
2,Scarlett,AIU00000543,Bahrain
2,Alex,AIU00000544,Bangladesh
2,Leah,AIU00000545,Barbados
2,Mateo,AIU00000546,Belarus
2,Emily,AIU00000547,Belgium
2,Noah,AIU00000548,Belize
2,Mia,AIU00000549,Benin
2,William,AIU00000550,Bhutan
2,Sofia,AIU00000551,Bolivia
2,James,AIU00000552,Bosnia and Herzegovina
2,Isabella,AIU00000553,Botswana
2,Benjamin,AIU00000554,Brazil
2,Emma,AIU00000555,Brunei
2,Lucas,AIU00000556,Bulgaria
2,Amelia,AIU00000557,Burkina Faso
2,Henry,AIU00000558,Burundi
2,Harper,AIU00000559,Cabo Verde
2,Ethan,AIU00000560,Cambodia
2,Evelyn,AIU00000561,Cameroon
2,Matthew,AIU00000562,Canada
2,Abigail,AIU00000563,Central African Republic
2,Samuel,AIU00000564,Chad
2,Ella,AIU00000565,Chile
2,David,AIU00000566,China
2,Scarlett,AIU00000567,Colombia
2,Joseph,AIU00000568,Comoros
2,Grace,AIU00000569,Congo
2,Michael,AIU00000570,Costa Rica
2,Lily,AIU00000571,Croatia
2,Daniel,AIU00000572,Cuba
2,Aria,AIU00000573,Cyprus
2,Aiden,AIU00000574,Czech Republic
2,Chloe,AIU00000575,Denmark
2,Logan,AIU00000576,Djibouti
2,Isla,AIU00000577,Dominica
2,Jackson,AIU00000578,Dominican Republic
2,Charlotte,AIU00000579,East Timor
2,Sebastian,AIU00000580,Ecuador
2,Aurora,AIU00000581,Egypt
2,Jack,AIU00000582,El Salvador
2,Zoey,AIU00000583,Equatorial Guinea
2,Owen,AIU00000584,Eritrea
2,Stella,AIU00000585,Estonia
2,Gabriel,AIU00000586,Eswatini
2,Natalie,AIU00000587,Ethiopia
2,Carter,AIU00000588,Fiji
2,Emilia,AIU00000589,Finland
2,Wyatt,AIU00000590,France
2,Zoe,AIU00000591,Gabon
2,Jayden,AIU00000592,Gambia
2,Alice,AIU00000593,Georgia
2,Julian,AIU00000594,Germany
2,Leah,AIU00000595,Ghana
2,Luke,AIU00000596,Greece
2,Hazel,AIU00000597,Grenada
2,Isaac,AIU00000598,Guatemala
2,Ellie,AIU00000599,Guinea
2,Levi,AIU00000600,Guinea-Bissau
2,Luna,AIU00000601,Guyana
2,Mateo,AIU00000602,Haiti
2,Savannah,AIU00000603,Honduras
2,Anthony,AIU00000604,Hungary
2,Skylar,AIU00000605,Iceland
2,Jaxon,AIU00000606,India
2,Audrey,AIU00000607,Indonesia
2,Lincoln,AIU00000608,Iran
2,Bella,AIU00000609,Iraq
2,Joshua,AIU00000610,Ireland
2,Nora,AIU00000611,Israel
2,Christopher,AIU00000612,Italy
2,Mila,AIU00000613,Jamaica
2,Grayson,AIU00000614,Japan
2,Layla,AIU00000615,Jordan
2,Caleb,AIU00000616,Kazakhstan
2,Lillian,AIU00000617,Kenya
2,Ryan,AIU00000618,Kiribati
2,Addison,AIU00000619,"Korea, North"
2,Nathan,AIU00000620,"Korea, South"
2,Lucy,AIU00000621,Kosovo
2,Dylan,AIU00000622,Kuwait
2,Paisley,AIU00000623,Kyrgyzstan
2,Eli,AIU00000624,Laos
2,Aurora,AIU00000625,Afghanistan
2,Aaron,AIU00000626,Afghanistan
2,Stella,AIU00000627,Afghanistan
2,Charles,AIU00000628,Afghanistan
2,Leah,AIU00000629,Afghanistan
2,Thomas,AIU00000630,Liechtenstein
2,Bella,AIU00000631,Lithuania
2,Zachary,AIU00000632,Luxembourg
2,Ellie,AIU00000633,Madagascar
2,Josiah,AIU00000634,Malawi
2,Chloe,AIU00000635,Malaysia
2,Adrian,AIU00000636,Maldives
2,Mila,AIU00000637,Mali
2,Nicholas,AIU00000638,Malta
2,Riley,AIU00000639,Marshall Islands
2,Joshua,AIU00000640,Mauritania
2,Sophie,AIU00000641,Mauritius
2,Adam,AIU00000642,Mexico
2,Maya,AIU00000643,Micronesia
2,Aaron,AIU00000644,Moldova
2,Hannah,AIU00000645,Monaco
2,Levi,AIU00000646,Mongolia
2,Audrey,AIU00000647,Montenegro
2,Hunter,AIU00000648,Morocco
2,Eva,AIU00000649,Mozambique
2,Christian,AIU00000650,Myanmar
2,Evelyn,AIU00000651,Namibia
2,Eli,AIU00000652,Nauru
2,Arianna,AIU00000653,Nepal
2,Asher,AIU00000654,Netherlands
2,Sofia,AIU00000655,New Zealand
2,Max,AIU00000656,Nicaragua
2,Hannah,AIU00000657,Afghanistan
2,Josiah,AIU00000658,Afghanistan
2,Maya,AIU00000659,Afghanistan
2,Jonathan,AIU00000660,Afghanistan
2,Addison,AIU00000661,Afghanistan
2,Levi,AIU00000662,Afghanistan
2,Ellie,AIU00000663,Afghanistan
2,Caleb,AIU00000664,Panama
2,Lucy,AIU00000665,Papua New Guinea
2,Daniel,AIU00000666,Paraguay
2,Skylar,AIU00000667,Peru
2,Leo,AIU00000668,Philippines
2,Ruby,AIU00000669,Poland
2,Adrian,AIU00000670,Portugal
2,Zoe,AIU00000671,Qatar
2,Gabriel,AIU00000672,Romania
2,Aurora,AIU00000673,Russia
2,Jack,AIU00000674,Rwanda
2,Lily,AIU00000675,Saint Kitts and Nevis
2,Jason,AIU00000676,Saint Lucia
2,Alice,AIU00000677,Saint Vincent and the Grenadines
2,Thomas,AIU00000678,Afghanistan
2,Scarlett,AIU00000679,Afghanistan
2,Alex,AIU00000680,Afghanistan
2,Leah,AIU00000681,Afghanistan
2,Mateo,AIU00000682,Afghanistan
2,Emily,AIU00000683,Afghanistan
2,Noah,AIU00000684,Afghanistan
2,Mia,AIU00000685,Afghanistan
2,William,AIU00000686,Singapore
2,Sofia,AIU00000687,Slovakia
2,James,AIU00000688,Slovenia
2,Isabella,AIU00000689,Solomon Islands
2,Benjamin,AIU00000690,Somalia
2,Emma,AIU00000691,South Africa
2,Lucas,AIU00000692,South Sudan
2,Amelia,AIU00000693,Spain
2,Henry,AIU00000694,Sri Lanka
2,Harper,AIU00000695,Sri Lanka
2,Ethan,AIU00000696,Sri Lanka
2,Evelyn,AIU00000697,Sri Lanka
2,Matthew,AIU00000698,Sri Lanka
2,Abigail,AIU00000699,Sri Lanka
2,Samuel,AIU00000700,Sri Lanka
2,Ella,AIU00000701,Tajikistan
2,David,AIU00000702,Tanzania
2,Scarlett,AIU00000703,Thailand
2,Joseph,AIU00000704,Timor-Leste
2,Grace,AIU00000705,Togo
2,Michael,AIU00000706,Tonga
2,Lily,AIU00000707,Trinidad and Tobago
2,Daniel,AIU00000708,Tunisia
2,Aria,AIU00000709,Turkey
2,Aiden,AIU00000710,Turkmenistan
2,Chloe,AIU00000711,Tuvalu
2,Logan,AIU00000712,Uganda
2,Isla,AIU00000713,Ukraine
2,Jackson,AIU00000714,United Arab Emirates
2,Charlotte,AIU00000715,Sri Lanka
2,Sebastian,AIU00000716,Sri Lanka
2,Aurora,AIU00000717,Sri Lanka
2,Jack,AIU00000718,Sri Lanka
2,Zoey,AIU00000719,Sri Lanka
2,Owen,AIU00000720,Sri Lanka
2,Stella,AIU00000721,Sri Lanka
2,Gabriel,AIU00000722,Tajikistan
2,Natalie,AIU00000723,Tanzania
2,Carter,AIU00000724,Thailand
2,Emilia,AIU00000725,Timor-Leste
2,Wyatt,AIU00000726,Sri Lanka
2,Zoe,AIU00000727,Sri Lanka
2,Jayden,AIU00000728,Algeria
2,Alice,AIU00000729,Andorra
2,Julian,AIU00000730,Angola
2,Leah,AIU00000731,Antigua and Barbuda
2,Luke,AIU00000732,Argentina
2,Hazel,AIU00000733,Armenia
2,Isaac,AIU00000734,Australia
2,Ellie,AIU00000735,Austria
2,Levi,AIU00000736,Azerbaijan
2,Luna,AIU00000737,Bahamas
2,Mateo,AIU00000738,Bahrain
2,Savannah,AIU00000739,Bangladesh
2,Anthony,AIU00000740,Barbados
2,Skylar,AIU00000741,Belarus
2,Jaxon,AIU00000742,Belgium
2,Audrey,AIU00000743,Sri Lanka
2,Lincoln,AIU00000744,Sri Lanka
2,Bella,AIU00000745,Sri Lanka
2,Joshua,AIU00000746,Sri Lanka
2,Nora,AIU00000747,Sri Lanka
2,Christopher,AIU00000748,Sri Lanka
2,Mila,AIU00000749,Sri Lanka
2,Grayson,AIU00000750,Tajikistan
2,Layla,AIU00000751,Tanzania
2,Caleb,AIU00000752,Thailand
2,Lillian,AIU00000753,Timor-Leste
2,Ryan,AIU00000754,Sri Lanka
2,Addison,AIU00000755,Sri Lanka
2,Nathan,AIU00000756,Cameroon
2,Lucy,AIU00000757,Canada
2,Dylan,AIU00000758,Central African Republic
2,Paisley,AIU00000759,Chad
2,Eli,AIU00000760,Chile
2,Aurora,AIU00000761,China
2,Aaron,AIU00000762,Colombia
2,Stella,AIU00000763,Comoros
2,Charles,AIU00000764,Congo
2,Leah,AIU00000765,Costa Rica
2,Thomas,AIU00000766,Croatia
2,Bella,AIU00000767,Cuba
2,Zachary,AIU00000768,Cyprus
2,Ellie,AIU00000769,Czech Republic
2,Josiah,AIU00000770,Denmark
2,Chloe,AIU00000771,Djibouti
2,Adrian,AIU00000772,Dominica
2,Mila,AIU00000773,Sri Lanka
2,Nicholas,AIU00000774,Sri Lanka
2,Riley,AIU00000775,Sri Lanka
2,Joshua,AIU00000776,Sri Lanka
2,Sophie,AIU00000777,Sri Lanka
2,Adam,AIU00000778,Sri Lanka
2,Maya,AIU00000779,Sri Lanka
2,Aaron,AIU00000780,Tajikistan
2,Hannah,AIU00000781,Tanzania
2,Levi,AIU00000782,Thailand
2,Audrey,AIU00000783,Timor-Leste
2,Hunter,AIU00000784,Sri Lanka
2,Eva,AIU00000785,Sri Lanka
2,Christian,AIU00000786,Sri Lanka
2,Evelyn,AIU00000787,Sri Lanka
2,Eli,AIU00000788,Sri Lanka
2,Arianna,AIU00000789,Sri Lanka
2,Asher,AIU00000790,Sri Lanka
2,Sofia,AIU00000791,Greece
2,Max,AIU00000792,Grenada
2,Hannah,AIU00000793,Guatemala
2,Josiah,AIU00000794,Guinea
2,Maya,AIU00000795,Guinea-Bissau
2,Jonathan,AIU00000796,Guyana
2,Emily,AIU00000797,Haiti
2,Jack,AIU00000798,Honduras
2,Mia,AIU00000799,Hungary
2,Noah,AIU00000800,Iceland
2,Ava,AIU00000801,India
2,Liam,AIU00000802,Indonesia
2,Isabella,AIU00000803,Iran
2,Lucas,AIU00000804,Iraq
2,Sophia,AIU00000805,Sri Lanka
2,Mason,AIU00000806,Sri Lanka
2,Olivia,AIU00000807,Sri Lanka
2,Ethan,AIU00000808,Sri Lanka
2,Charlotte,AIU00000809,Sri Lanka
2,Benjamin,AIU00000810,Sri Lanka
2,Amelia,AIU00000811,Sri Lanka
2,Logan,AIU00000812,Tajikistan
2,Mia,AIU00000813,Tanzania
2,Henry,AIU00000814,Thailand
2,Chloe,AIU00000815,Timor-Leste
2,Jacob,AIU00000816,Sri Lanka
2,Grace,AIU00000817,Sri Lanka
2,Michael,AIU00000818,Sri Lanka
2,Ella,AIU00000819,Sri Lanka
2,Alexander,AIU00000820,Sri Lanka
2,Abigail,AIU00000821,Sri Lanka
2,James,AIU00000822,Lesotho
2,Scarlett,AIU00000823,Liberia
2,Daniel,AIU00000824,Libya
2,Lily,AIU00000825,Liechtenstein
2,Sebastian,AIU00000826,Lithuania
2,Emily,AIU00000827,Luxembourg
2,Andrew,AIU00000828,Madagascar
2,Zoe,AIU00000829,Malawi
2,Matthew,AIU00000830,Malaysia
2,Ava,AIU00000831,Maldives
2,William,AIU00000832,Mali
2,Olivia,AIU00000833,Malta
2,Jackson,AIU00000834,Marshall Islands
2,Isla,AIU00000835,Mauritania
2,Caleb,AIU00000836,Mauritius
2,Sophia,AIU00000837,Mexico
2,Ryan,AIU00000838,Micronesia
2,Mia,AIU00000839,Moldova
2,David,AIU00000840,Monaco
2,Aria,AIU00000841,Mongolia
2,Logan,AIU00000842,Montenegro
2,Emma,AIU00000843,Morocco
2,Jack,AIU00000844,Mozambique
2,Lily,AIU00000845,Myanmar
2,Lucas,AIU00000846,Namibia
2,Grace,AIU00000847,Nauru
2,Nathan,AIU00000848,Nepal
2,Chloe,AIU00000849,Netherlands
2,Daniel,AIU00000850,New Zealand
2,Ella,AIU00000851,Nicaragua
2,Samuel,AIU00000852,Niger
2,Nora,AIU00000853,Nigeria
2,Owen,AIU00000854,North Macedonia
2,Scarlett,AIU00000855,Norway
2,Gabriel,AIU00000856,Oman
2,Emily,AIU00000857,Pakistan
2,Benjamin,AIU00000858,Palau
2,Amelia,AIU00000859,Panama
2,Aiden,AIU00000860,Papua New Guinea
2,Mia,AIU00000861,Paraguay
2,Isaac,AIU00000862,Peru
2,Isla,AIU00000863,Philippines
2,Elijah,AIU00000864,Sri Lanka
2,Sophie,AIU00000865,Sri Lanka
2,Henry,AIU00000866,Sri Lanka
2,Olivia,AIU00000867,Sri Lanka
2,Ryan,AIU00000868,Sri Lanka
2,Grace,AIU00000869,Sri Lanka
2,Daniel,AIU00000870,Sri Lanka
2,Charlotte,AIU00000871,Tajikistan
2,James,AIU00000872,Tanzania
2,Emma,AIU00000873,Thailand
2,Jack,AIU00000874,Timor-Leste
2,Ava,AIU00000875,Sri Lanka
2,Lucas,AIU00000876,Sri Lanka
2,Lily,AIU00000877,Senegal
2,Noah,AIU00000878,Serbia
2,Chloe,AIU00000879,Seychelles
2,Michael,AIU00000880,Sierra Leone
2,Mia,AIU00000881,Singapore
2,Matthew,AIU00000882,Slovakia
2,Ella,AIU00000883,Slovenia
2,Oliver,AIU00000884,Solomon Islands
2,Abigail,AIU00000885,Somalia
2,Jackson,AIU00000886,South Africa
2,Sophie,AIU00000887,South Sudan
2,Logan,AIU00000888,Spain
2,Emily,AIU00000889,Sri Lanka
2,David,AIU00000890,Sudan
2,Ava,AIU00000891,Suriname
2,Henry,AIU00000892,Sweden
2,Mia,AIU00000893,Switzerland
2,Samuel,AIU00000894,Syria
2,Grace,AIU00000895,Taiwan
2,William,AIU00000896,Tajikistan
2,Ava,AIU00000897,Tanzania
2,Jacob,AIU00000898,Thailand
2,Sophia,AIU00000899,Timor-Leste
2,Lucas,AIU00000900,Togo
2,Mia,AIU00000901,Tonga
2,Daniel,AIU00000902,Sri Lanka
2,Emma,AIU00000903,Sri Lanka
2,Oliver,AIU00000904,Sri Lanka
2,Lily,AIU00000905,Sri Lanka
2,Aiden,AIU00000906,Sri Lanka
2,Charlotte,AIU00000907,Sri Lanka
2,Elijah,AIU00000908,Sri Lanka
2,Isabella,AIU00000909,Tajikistan
2,Noah,AIU00000910,Tanzania
2,Amelia,AIU00000911,Thailand
2,Liam,AIU00000912,Timor-Leste
2,Grace,AIU00000913,Sri Lanka
2,Benjamin,AIU00000914,Sri Lanka
2,Scarlett,AIU00000915,Vatican City
2,Jack,AIU00000916,Venezuela
2,Emma,AIU00000917,Vietnam
2,Ethan,AIU00000918,Yemen
2,Sophia,AIU00000919,Zambia
2,Samuel,AIU00000920,Zimbabwe
2,Mia,AIU00000921,Afghanistan
2,Alexander,AIU00000922,Albania
2,Olivia,AIU00000923,Algeria
2,Daniel,AIU00000924,Andorra
2,Aria,AIU00000925,Angola
2,Jackson,AIU00000926,Antigua and Barbuda
2,Emily,AIU00000927,Argentina
2,Logan,AIU00000928,Armenia
2,Chloe,AIU00000929,Australia
2,Gabriel,AIU00000930,Austria
2,Amelia,AIU00000931,Azerbaijan
2,Matthew,AIU00000932,Bahamas
2,Zoe,AIU00000933,Bahrain
2,Henry,AIU00000934,Bangladesh
2,Mia,AIU00000935,Barbados
2,William,AIU00000936,Belarus
2,Lily,AIU00000937,Belgium
2,Ryan,AIU00000938,Belize
2,Sophia,AIU00000939,Benin
2,James,AIU00000940,Bhutan
2,Ava,AIU00000941,Bolivia
2,Noah,AIU00000942,Bosnia and Herzegovina
2,Olivia,AIU00000943,Botswana
2,Jack,AIU00000944,Brazil
2,Grace,AIU00000945,Brunei
2,Lucas,AIU00000946,Bulgaria
2,Emily,AIU00000947,Burkina Faso
2,Samuel,AIU00000948,Burundi
2,Mia,AIU00000949,Cabo Verde
2,Daniel,AIU00000950,Cambodia
2,Charlotte,AIU00000951,Cameroon
2,Logan,AIU00000952,Canada
2,Isabella,AIU00000953,Central African Republic
2,Elijah,AIU00000954,Afghanistan
2,Ava,AIU00000955,Albania
2,Michael,AIU00000956,Algeria
2,Sophie,AIU00000957,Andorra
2,Liam,AIU00000958,Angola
2,Emma,AIU00000959,Antigua and Barbuda
2,Noah,AIU00000960,Argentina
2,Amelia,AIU00000961,Armenia
2,Oliver,AIU00000962,Australia
2,Chloe,AIU00000963,Austria
2,Henry,AIU00000964,Azerbaijan
2,Olivia,AIU00000965,Bahamas
2,Ryan,AIU00000966,Bahrain
2,Grace,AIU00000967,Bangladesh
2,Samuel,AIU00000968,Barbados
2,Mia,AIU00000969,Belarus
2,Daniel,AIU00000970,Belgium
2,Charlotte,AIU00000971,Belize
2,James,AIU00000972,Benin
2,Ava,AIU00000973,Bhutan
2,Lucas,AIU00000974,Bolivia
2,Lily,AIU00000975,Bosnia and Herzegovina
2,Michael,AIU00000976,Botswana
2,Emma,AIU00000977,Brazil
2,Benjamin,AIU00000978,Brunei
2,Scarlett,AIU00000979,Bulgaria
2,Jack,AIU00000980,Burkina Faso
2,Sophia,AIU00000981,Burundi
2,Aiden,AIU00000982,Cabo Verde
2,Mia,AIU00000983,Cambodia
2,William,AIU00000984,Cameroon
2,Emily,AIU00000985,Canada
2,Daniel,AIU00000986,Central African Republic
2,Aria,AIU00000987,Chad
2,Jackson,AIU00000988,Chile
2,Grace,AIU00000989,China
2,Noah,AIU00000990,Colombia
2,Olivia,AIU00000991,Comoros
2,Liam,AIU00000992,Congo
2,Emma,AIU00000993,Costa Rica
2,Henry,AIU00000994,Croatia
2,Ava,AIU00000995,Cuba
2,Samuel,AIU00000996,Cyprus
2,Ella,AIU00000997,Czech Republic
2,Gabriel,AIU00000998,Denmark
2,Liam,AIU00000999,Guinea
2,Grace,AIU00001000,Guinea
2,Benjamin,AIU00001001,Guinea
2,Scarlett,AIU00001002,Guinea
2,Jack,AIU00001003,Guinea
2,Emma,AIU00001004,Guinea
2,Ethan,AIU00001005,Guinea
2,Sophia,AIU00001006,Guinea
2,Samuel,AIU00001007,Guinea
2,Mia,AIU00001008,Guinea
2,Alexander,AIU00001009,Guinea
2,Olivia,AIU00001010,Guinea
2,Daniel,AIU00001011,Guinea
2,Aria,AIU00001012,Guinea
2,Jackson,AIU00001013,Guinea
2,Emily,AIU00001014,Guinea
2,Logan,AIU00001015,Guinea
2,Chloe,AIU00001016,Guinea
2,Gabriel,AIU00001017,Guinea
2,Amelia,AIU00001018,Guinea
2,Matthew,AIU00001019,Guinea
2,Zoe,AIU00001020,Guinea
2,Henry,AIU00001021,Guinea
2,Mia,AIU00001022,Guinea
2,William,AIU00001023,Guinea
2,Lily,AIU00001024,Guinea
2,Ryan,AIU00001025,Guinea
2,Sophia,AIU00001026,Guinea
2,James,AIU00001027,Guinea
2,Ava,AIU00001028,Guinea
2,Noah,AIU00001029,Guinea
2,Olivia,AIU00001030,Guinea
2,Jack,AIU00001031,Guinea
2,Grace,AIU00001032,Guinea
2,Lucas,AIU00001033,Guinea
2,Emily,AIU00001034,Guinea
2,Samuel,AIU00001035,Guinea
2,Mia,AIU00001036,Guinea
2,Daniel,AIU00001037,Guinea
2,Charlotte,AIU00001038,Guinea
2,Logan,AIU00001039,Guinea
2,Isabella,AIU00001040,Guinea
2,Elijah,AIU00001041,Guinea
2,Ava,AIU00001042,Guinea
2,Michael,AIU00001043,Guinea
2,Sophie,AIU00001044,Guinea
2,Liam,AIU00001045,Guinea
2,Emma,AIU00001046,Guinea
2,Noah,AIU00001047,Guinea
2,Amelia,AIU00001048,Guinea
2,Oliver,AIU00001049,Guinea
2,Chloe,AIU00001050,Guinea
2,Henry,AIU00001051,Guinea
2,Olivia,AIU00001052,Guinea
2,Ryan,AIU00001053,Guinea
2,Grace,AIU00001054,Guinea
2,Samuel,AIU00001055,Guinea
2,Mia,AIU00001056,Guinea
2,Daniel,AIU00001057,Guinea
2,Charlotte,AIU00001058,Guinea
2,James,AIU00001059,Guinea
2,Ava,AIU00001060,Guinea
2,Lucas,AIU00001061,Guinea
2,Lily,AIU00001062,Guinea
2,Michael,AIU00001063,Guinea
2,Emma,AIU00001064,Guinea
2,Benjamin,AIU00001065,Guinea
2,Scarlett,AIU00001066,Guinea
2,Jack,AIU00001067,Guinea
2,Sophia,AIU00001068,Guinea
2,Aiden,AIU00001069,Guinea
2,Mia,AIU00001070,Guinea
2,William,AIU00001071,Guinea
2,Emily,AIU00001072,Guinea
2,Daniel,AIU00001073,Guinea
2,Aria,AIU00001074,Guinea
2,Jackson,AIU00001075,Guinea
2,Grace,AIU00001076,Guinea
2,Noah,AIU00001077,Guinea
2,Olivia,AIU00001078,Guinea
2,Liam,AIU00001079,Guinea
2,Emma,AIU00001080,Guinea
2,Henry,AIU00001081,Guinea
2,Ava,AIU00001082,Guinea
2,Samuel,AIU00001083,Guinea
2,Ella,AIU00001084,Guinea
2,Gabriel,AIU00001085,Guinea
2,Liam,AIU00001086,Guinea
2,Grace,AIU00001087,Guinea
2,Benjamin,AIU00001088,Guinea
2,Scarlett,AIU00001089,Guinea
2,Jack,AIU00001090,Guinea
2,Emma,AIU00001091,Guinea
2,Ethan,AIU00001092,Guinea
2,Sophia,AIU00001093,Guinea
2,Samuel,AIU00001094,Guinea
2,Mia,AIU00001095,Guinea
2,Alexander,AIU00001096,Guinea
2,Olivia,AIU00001097,Guinea
2,Daniel,AIU00001098,Guinea
2,Aria,AIU00001099,Guinea
2,Jackson,AIU00001100,Guinea
2,Emily,AIU00001101,Guinea
2,Logan,AIU00001102,Guinea
2,Chloe,AIU00001103,Guinea
2,Gabriel,AIU00001104,Guinea
2,Amelia,AIU00001105,Guinea
2,Matthew,AIU00001106,Guinea
2,Zoe,AIU00001107,Guinea
2,Henry,AIU00001108,Guinea
2,Mia,AIU00001109,Guinea
2,William,AIU00001110,Guinea
2,Lily,AIU00001111,Guinea
2,Ryan,AIU00001112,Guinea
2,Sophia,AIU00001113,Guinea
2,James,AIU00001114,Guinea
2,Ava,AIU00001115,Guinea
2,Noah,AIU00001116,Guinea
2,Olivia,AIU00001117,Guinea
2,Jack,AIU00001118,Guinea
2,Grace,AIU00001119,Guinea
2,Lucas,AIU00001120,Guinea
2,Emily,AIU00001121,Guinea
2,Samuel,AIU00001122,Guinea
2,Mia,AIU00001123,Guinea
2,Daniel,AIU00001124,Guinea
2,Charlotte,AIU00001125,Guinea
2,Logan,AIU00001126,Guinea
2,Isabella,AIU00001127,Guinea
2,Elijah,AIU00001128,Guinea
2,Ava,AIU00001129,Guinea
2,Michael,AIU00001130,Guinea
2,Sophie,AIU00001131,Guinea
2,Liam,AIU00001132,Guinea
2,Emma,AIU00001133,Guinea
2,Noah,AIU00001134,Guinea
2,Amelia,AIU00001135,Guinea
2,Oliver,AIU00001136,Guinea
2,Chloe,AIU00001137,Guinea
2,Henry,AIU00001138,Guinea
2,Olivia,AIU00001139,Guinea
2,Ryan,AIU00001140,Guinea
2,Grace,AIU00001141,Guinea
2,Samuel,AIU00001142,Guinea
2,Mia,AIU00001143,Guinea
2,Daniel,AIU00001144,Guinea
2,Charlotte,AIU00001145,Guinea
2,James,AIU00001146,Guinea
2,Ava,AIU00001147,Guinea
2,Lucas,AIU00001148,Guinea
2,Lily,AIU00001149,Guinea
2,Michael,AIU00001150,Guinea
2,Emma,AIU00001151,Guinea
2,Benjamin,AIU00001152,Guinea
2,Scarlett,AIU00001153,Guinea
2,Jack,AIU00001154,Guinea
2,Sophia,AIU00001155,Guinea
2,Aiden,AIU00001156,Guinea
2,Mia,AIU00001157,Guinea
2,William,AIU00001158,Guinea
2,Emily,AIU00001159,Guinea
2,Daniel,AIU00001160,Guinea
2,Aria,AIU00001161,Guinea
2,Jackson,AIU00001162,Guinea
2,Grace,AIU00001163,Guinea
2,Noah,AIU00001164,Guinea
2,Olivia,AIU00001165,Guinea
2,Liam,AIU00001166,Guinea
2,Emma,AIU00001167,Guinea
2,Henry,AIU00001168,Guinea
2,Ava,AIU00001169,Guinea
2,Samuel,AIU00001170,Guinea
2,Ella,AIU00001171,Guinea
2,Gabriel,AIU00001172,Guinea
2,Liam,AIU00001173,Guinea
2,Grace,AIU00001174,Guinea
2,Liam,AIU00001175,Guinea
2,Grace,AIU00001176,Guinea
2,Benjamin,AIU00001177,Guinea
2,Scarlett,AIU00001178,Guinea
2,Jack,AIU00001179,Guinea
2,Emma,AIU00001180,Guinea
2,Ethan,AIU00001181,Guinea
2,Sophia,AIU00001182,Guinea
2,Samuel,AIU00001183,Guinea
2,Mia,AIU00001184,Guinea
2,Alexander,AIU00001185,Guinea
2,Olivia,AIU00001186,Guinea
2,Daniel,AIU00001187,Guinea
2,Aria,AIU00001188,Guinea
2,Jackson,AIU00001189,Guinea
2,Emily,AIU00001190,Guinea
2,Logan,AIU00001191,Guinea
2,Chloe,AIU00001192,Guinea
2,Gabriel,AIU00001193,Guinea
2,Amelia,AIU00001194,Guinea
2,Matthew,AIU00001195,Guinea
2,Zoe,AIU00001196,Guinea
2,Henry,AIU00001197,Guinea
2,Mia,AIU00001198,Guinea
2,William,AIU00001199,Guinea
2,Lily,AIU00001200,Guinea
2,Ryan,AIU00001201,Guinea
2,Sophia,AIU00001202,Guinea
2,James,AIU00001203,Guinea
2,Ava,AIU00001204,Guinea
2,Noah,AIU00001205,Guinea
2,Olivia,AIU00001206,Guinea
2,Jack,AIU00001207,Guinea
2,Grace,AIU00001208,Guinea
2,Lucas,AIU00001209,Guinea
2,Emily,AIU00001210,Guinea
2,Samuel,AIU00001211,Guinea
2,Mia,AIU00001212,Guinea
2,Daniel,AIU00001213,Guinea
2,Charlotte,AIU00001214,Guinea
2,Logan,AIU00001215,Guinea
2,Isabella,AIU00001216,Guinea
2,Elijah,AIU00001217,Guinea
2,Ava,AIU00001218,Guinea
2,Michael,AIU00001219,Guinea
2,Sophie,AIU00001220,Guinea
2,Liam,AIU00001221,Guinea
2,Emma,AIU00001222,Guinea
2,Noah,AIU00001223,Guinea
2,Amelia,AIU00001224,Guinea
2,Oliver,AIU00001225,Guinea
2,Chloe,AIU00001226,Guinea
2,Henry,AIU00001227,Guinea
2,Olivia,AIU00001228,Guinea
2,Ryan,AIU00001229,Guinea
2,Grace,AIU00001230,Guinea
2,Samuel,AIU00001231,Guinea
2,Mia,AIU00001232,Guinea
2,Daniel,AIU00001233,Guinea
2,Charlotte,AIU00001234,Guinea
2,James,AIU00001235,Guinea
2,Ava,AIU00001236,Guinea
2,Lucas,AIU00001237,Guinea
2,Lily,AIU00001238,Guinea
2,Michael,AIU00001239,Guinea
2,Emma,AIU00001240,Guinea
2,Benjamin,AIU00001241,Guinea
2,Scarlett,AIU00001242,Guinea
2,Jack,AIU00001243,Guinea
2,Sophia,AIU00001244,Guinea
2,Aiden,AIU00001245,Guinea
2,Mia,AIU00001246,Guinea
2,William,AIU00001247,Guinea
2,Emily,AIU00001248,Guinea
2,Daniel,AIU00001249,Guinea
2,Aria,AIU00001250,Guinea
2,Jackson,AIU00001251,Guinea
2,Grace,AIU00001252,Guinea
2,Noah,AIU00001253,Guinea
2,Olivia,AIU00001254,Guinea
2,Liam,AIU00001255,Guinea
2,Emma,AIU00001256,Guinea
2,Henry,AIU00001257,Guinea
2,Ava,AIU00001258,Guinea
2,Samuel,AIU00001259,Guinea
2,Ella,AIU00001260,Guinea
2,Gabriel,AIU00001261,Guinea
2,Aria,AIU00001262,Guinea
2,Jackson,AIU00001263,Guinea
2,Grace,AIU00001264,Guinea
2,Noah,AIU00001265,Guinea
2,Olivia,AIU00001266,Guinea
2,Liam,AIU00001267,Guinea
2,Emma,AIU00001268,Guinea
2,Henry,AIU00001269,Guinea
2,Ava,AIU00001270,Guinea
2,Samuel,AIU00001271,Guinea
2,Ella,AIU00001272,Guinea
2,Gabriel,AIU00001273,Guinea
2,Ella,AIU00001274,Guinea
2,Gabriel,AIU00001275,Guinea
2,Charlotte,AIU00001276,Senagal
2,Logan,AIU00001277,Senagal
2,Isabella,AIU00001278,Senagal
2,Elijah,AIU00001279,Senagal
2,Ava,AIU00001280,Senagal
2,Michael,AIU00001281,Senagal
2,Sophie,AIU00001282,Senagal
2,Liam,AIU00001283,Senagal
2,Emma,AIU00001284,Senagal
2,Noah,AIU00001285,Senagal
2,Amelia,AIU00001286,Senagal
2,Oliver,AIU00001287,Senagal
2,Chloe,AIU00001288,Senagal
2,Henry,AIU00001289,Senagal
2,Olivia,AIU00001290,Senagal
2,Ryan,AIU00001291,Senagal
2,Grace,AIU00001292,Senagal
2,Samuel,AIU00001293,Senagal
2,Mia,AIU00001294,Senagal
2,Daniel,AIU00001295,Senagal
2,Charlotte,AIU00001296,Senagal
2,James,AIU00001297,Senagal
2,Ava,AIU00001298,Senagal
2,Lucas,AIU00001299,Senagal
2,Lily,AIU00001300,Senagal
2,Michael,AIU00001301,Senagal
2,Emma,AIU00001302,Senagal
2,Benjamin,AIU00001303,Senagal
2,Scarlett,AIU00001304,Senagal
2,Jack,AIU00001305,Senagal
2,Sophia,AIU00001306,Senagal
2,Aiden,AIU00001307,Senagal
2,Mia,AIU00001308,Senagal
2,William,AIU00001309,Senagal
2,Emily,AIU00001310,Senagal
2,Daniel,AIU00001311,Senagal
2,Aria,AIU00001312,Senagal
2,Jackson,AIU00001313,Senagal
2,Grace,AIU00001314,Senagal
2,Noah,AIU00001315,Senagal
2,Olivia,AIU00001316,Senagal
2,Liam,AIU00001317,Senagal
2,Emma,AIU00001318,Senagal
2,Henry,AIU00001319,Senagal
2,Ava,AIU00001320,Senagal
2,Samuel,AIU00001321,Senagal
2,Ella,AIU00001322,Senagal
2,Gabriel,AIU00001323,Senagal
2,Aria,AIU00001324,Senagal
2,Jackson,AIU00001325,Senagal
2,Grace,AIU00001326,Senagal
2,Noah,AIU00001327,Senagal
2,Olivia,AIU00001328,Senagal
2,Liam,AIU00001329,Senagal
2,Emma,AIU00001330,Senagal
2,Henry,AIU00001331,Senagal
2,Ava,AIU00001332,Senagal
2,Samuel,AIU00001333,Senagal
2,Ella,AIU00001334,Senagal
2,Gabriel,AIU00001335,Senagal
2,Ella,AIU00001336,Senagal
2,Gabriel,AIU00001337,Senagal
2,Charlotte,AIU00001338,Senagal
2,Logan,AIU00001339,Senagal
2,Isabella,AIU00001340,Senagal
2,Elijah,AIU00001341,Senagal
2,Ava,AIU00001342,Senagal
2,Michael,AIU00001343,Senagal
2,Sophie,AIU00001344,Senagal
2,Liam,AIU00001345,Senagal
2,Emma,AIU00001346,Senagal
2,Noah,AIU00001347,Senagal
2,Amelia,AIU00001348,Senagal
2,Oliver,AIU00001349,Senagal
2,Chloe,AIU00001350,Senagal
2,Henry,AIU00001351,Senagal
2,Olivia,AIU00001352,Senagal
2,Ryan,AIU00001353,Senagal
2,Grace,AIU00001354,Senagal
2,Samuel,AIU00001355,Senagal
2,Mia,AIU00001356,Senagal
2,Daniel,AIU00001357,Senagal
2,Charlotte,AIU00001358,Senagal
2,James,AIU00001359,Senagal
2,Ava,AIU00001360,Senagal
2,Lucas,AIU00001361,Senagal
2,Lily,AIU00001362,Senagal
2,Michael,AIU00001363,Senagal
2,Emma,AIU00001364,Senagal
2,Benjamin,AIU00001365,Senagal
2,Scarlett,AIU00001366,Senagal
2,Jack,AIU00001367,Senagal
2,Sophia,AIU00001368,Senagal
2,Aiden,AIU00001369,Senagal
2,Mia,AIU00001370,Senagal
2,William,AIU00001371,Senagal
2,Emily,AIU00001372,Senagal
2,Daniel,AIU00001373,Senagal
2,Aria,AIU00001374,Senagal
2,Jackson,AIU00001375,Senagal
2,Grace,AIU00001376,Senagal
2,Noah,AIU00001377,Senagal
2,Olivia,AIU00001378,Senagal
2,Liam,AIU00001379,Senagal
2,Emma,AIU00001380,Senagal
2,Henry,AIU00001381,Senagal
2,Ava,AIU00001382,Senagal
2,Samuel,AIU00001383,Senagal
2,Ella,AIU00001384,Senagal
2,Gabriel,AIU00001385,Senagal
2,Aria,AIU00001386,Senagal
2,Jackson,AIU00001387,Senagal
2,Grace,AIU00001388,Senagal
2,Noah,AIU00001389,Senagal
2,Olivia,AIU00001390,Senagal
2,Liam,AIU00001391,Senagal
2,Emma,AIU00001392,Senagal
2,Henry,AIU00001393,Senagal
2,Ava,AIU00001394,Senagal
2,Samuel,AIU00001395,Senagal
2,Ella,AIU00001396,Senagal
2,Gabriel,AIU00001397,Senagal
2,Ella,AIU00001398,Senagal
2,Gabriel,AIU00001399,Senagal
2,Charlotte,AIU00001400,Senagal
2,Logan,AIU00001401,Senagal
2,Isabella,AIU00001402,Senagal
2,Elijah,AIU00001403,Senagal
2,Ava,AIU00001404,Senagal
2,Michael,AIU00001405,Senagal
2,Sophie,AIU00001406,Senagal
2,Liam,AIU00001407,Senagal
2,Emma,AIU00001408,Senagal
2,Noah,AIU00001409,Senagal
2,Amelia,AIU00001410,Senagal
2,Oliver,AIU00001411,Senagal
2,Chloe,AIU00001412,Senagal
2,Henry,AIU00001413,Senagal
2,Olivia,AIU00001414,Senagal
2,Ryan,AIU00001415,Senagal
2,Grace,AIU00001416,Senagal
2,Samuel,AIU00001417,Senagal
2,Mia,AIU00001418,Senagal
2,Daniel,AIU00001419,Senagal
2,Charlotte,AIU00001420,Senagal
2,James,AIU00001421,Senagal
2,Ava,AIU00001422,Senagal
2,Lucas,AIU00001423,Senagal
2,Lily,AIU00001424,Senagal
2,Michael,AIU00001425,Senagal
2,Emma,AIU00001426,Senagal
2,Benjamin,AIU00001427,Senagal
2,Scarlett,AIU00001428,Senagal
2,Jack,AIU00001429,Senagal
2,Sophia,AIU00001430,Senagal
2,Aiden,AIU00001431,Senagal
2,Mia,AIU00001432,Senagal
2,William,AIU00001433,Senagal
2,Emily,AIU00001434,Senagal
2,Daniel,AIU00001435,Senagal
2,Aria,AIU00001436,Senagal
2,Jackson,AIU00001437,Senagal
2,Grace,AIU00001438,Senagal
2,Noah,AIU00001439,Senagal
2,Olivia,AIU00001440,Senagal
2,Liam,AIU00001441,Senagal
2,Emma,AIU00001442,Senagal
2,Henry,AIU00001443,Senagal
2,Ava,AIU00001444,Senagal
2,Samuel,AIU00001445,Senagal
2,Ella,AIU00001446,Senagal
2,Gabriel,AIU00001447,Senagal
2,Aria,AIU00001448,Senagal
2,Jackson,AIU00001449,Senagal
2,Grace,AIU00001450,Senagal
2,Noah,AIU00001451,Senagal
2,Olivia,AIU00001452,Senagal
2,Liam,AIU00001453,Senagal
2,Emma,AIU00001454,Senagal
2,Henry,AIU00001455,Senagal
2,Ava,AIU00001456,Senagal
2,Samuel,AIU00001457,Senagal
2,Ella,AIU00001458,Senagal
2,Gabriel,AIU00001459,Senagal
2,Ella,AIU00001460,Senagal
2,Gabriel,AIU00001461,Senagal
2,Charlotte,AIU00001462,Senagal
2,Logan,AIU00001463,Senagal
2,Isabella,AIU00001464,Senagal
2,Elijah,AIU00001465,Senagal
2,Ava,AIU00001466,Senagal
2,Michael,AIU00001467,Senagal
2,Sophie,AIU00001468,Senagal
2,Liam,AIU00001469,Senagal
2,Emma,AIU00001470,Senagal
2,Noah,AIU00001471,Senagal
2,Amelia,AIU00001472,Senagal
2,Oliver,AIU00001473,Senagal
2,Chloe,AIU00001474,Senagal
2,Henry,AIU00001475,Senagal
2,Olivia,AIU00001476,Senagal
2,Ryan,AIU00001477,Senagal
2,Grace,AIU00001478,Senagal
2,Samuel,AIU00001479,Senagal
2,Mia,AIU00001480,Senagal
2,Daniel,AIU00001481,Senagal
2,Charlotte,AIU00001482,Senagal
2,James,AIU00001483,Senagal
2,Ava,AIU00001484,Senagal
2,Lucas,AIU00001485,Senagal
2,Lily,AIU00001486,Senagal
2,Michael,AIU00001487,Senagal
2,Emma,AIU00001488,Senagal
2,Benjamin,AIU00001489,Senagal
2,Scarlett,AIU00001490,Senagal
2,Jack,AIU00001491,Senagal
2,Sophia,AIU00001492,Senagal
2,Aiden,AIU00001493,Senagal
2,Mia,AIU00001494,Senagal
2,William,AIU00001495,Senagal
2,Emily,AIU00001496,Senagal
2,Daniel,AIU00001497,Senagal
2,Aria,AIU00001498,Senagal
2,Jackson,AIU00001499,Senagal
2,Grace,AIU00001500,Senagal
2,Noah,AIU00001501,Senagal
2,Olivia,AIU00001502,Senagal
2,Liam,AIU00001503,Senagal
2,Emma,AIU00001504,Senagal
2,Henry,AIU00001505,Senagal
2,Ava,AIU00001506,Senagal
2,Samuel,AIU00001507,Senagal
2,Ella,AIU00001508,Senagal
2,Gabriel,AIU00001509,Senagal
2,Aria,AIU00001510,Senagal
2,Jackson,AIU00001511,Senagal
2,Grace,AIU00001512,Senagal
2,Noah,AIU00001513,Senagal
2,Olivia,AIU00001514,Senagal
2,Liam,AIU00001515,Senagal
2,Emma,AIU00001516,Senagal
2,Henry,AIU00001517,Senagal
2,Ava,AIU00001518,Senagal
2,Samuel,AIU00001519,Senagal
2,Ella,AIU00001520,Senagal
2,Gabriel,AIU00001521,Senagal
2,Ella,AIU00001522,Senagal
2,Gabriel,AIU00001523,Senagal
2,Charlotte,AIU00001524,Senagal
2,Logan,AIU00001525,Senagal
2,Isabella,AIU00001526,Senagal
2,Elijah,AIU00001527,Senagal
2,Ava,AIU00001528,Senagal
2,Michael,AIU00001529,Senagal
2,Sophie,AIU00001530,Senagal
2,Liam,AIU00001531,Senagal
2,Emma,AIU00001532,Senagal
2,Noah,AIU00001533,Senagal
2,Amelia,AIU00001534,Senagal
2,Oliver,AIU00001535,Senagal
2,Chloe,AIU00001536,Senagal
2,Henry,AIU00001537,Senagal
2,Olivia,AIU00001538,Senagal
2,Ryan,AIU00001539,Senagal
2,Grace,AIU00001540,Senagal
2,Samuel,AIU00001541,Senagal
2,Mia,AIU00001542,Senagal
2,Daniel,AIU00001543,Senagal
2,Charlotte,AIU00001544,Senagal
2,James,AIU00001545,Senagal
2,Ava,AIU00001546,Senagal
2,Lucas,AIU00001547,Senagal
2,Lily,AIU00001548,Senagal
2,Michael,AIU00001549,Senagal
2,Emma,AIU00001550,Senagal
2,Benjamin,AIU00001551,Senagal
2,Scarlett,AIU00001552,Senagal
1,Olivia,AIU00001553,Guinea
1,Liam,AIU00001554,Guinea
1,Emma,AIU00001555,Guinea
1,Henry,AIU00001556,Guinea
1,Ava,AIU00001557,Guinea
1,Samuel,AIU00001558,Guinea
1,Ella,AIU00001559,Guinea
1,Gabriel,AIU00001560,Guinea
1,Aria,AIU00001561,Guinea
1,Jackson,AIU00001562,Guinea
1,Grace,AIU00001563,Guinea
1,Noah,AIU00001564,Guinea
1,Olivia,AIU00001565,Guinea
1,Liam,AIU00001566,Guinea
1,Emma,AIU00001567,Guinea
1,Henry,AIU00001568,Guinea
1,Ava,AIU00001569,Guinea
1,Samuel,AIU00001570,Guinea
1,Ella,AIU00001571,Guinea
1,Gabriel,AIU00001572,Guinea
1,Ella,AIU00001573,Guinea
1,Gabriel,AIU00001574,Guinea
1,Charlotte,AIU00001575,Guinea
1,Logan,AIU00001576,Guinea
1,Isabella,AIU00001577,Guinea
1,Elijah,AIU00001578,Guinea
1,Ava,AIU00001579,Guinea
1,Michael,AIU00001580,Guinea
1,Sophie,AIU00001581,Guinea
1,Liam,AIU00001582,Guinea
1,Emma,AIU00001583,Guinea
1,Noah,AIU00001584,Guinea
1,Amelia,AIU00001585,Guinea
1,Oliver,AIU00001586,Guinea
1,Chloe,AIU00001587,Guinea
1,Henry,AIU00001588,Guinea
1,Olivia,AIU00001589,Guinea
1,Ryan,AIU00001590,Guinea
1,Grace,AIU00001591,Guinea
1,Samuel,AIU00001592,Guinea
1,Mia,AIU00001593,Guinea
1,Daniel,AIU00001594,Guinea
1,Charlotte,AIU00001595,Guinea
1,James,AIU00001596,Guinea
1,Ava,AIU00001597,Guinea
1,Lucas,AIU00001598,Guinea
1,Lily,AIU00001599,Guinea
1,Michael,AIU00001600,Guinea
1,Emma,AIU00001601,Guinea
1,Benjamin,AIU00001602,Guinea
1,Scarlett,AIU00001603,Guinea
1,Olivia,AIU00001604,Guinea
1,Liam,AIU00001605,Guinea
1,Emma,AIU00001606,Guinea
1,Henry,AIU00001607,Guinea
1,Ava,AIU00001608,Guinea
1,Samuel,AIU00001609,Guinea
1,Ella,AIU00001610,Guinea
1,Gabriel,AIU00001611,Guinea
1,Aria,AIU00001612,Guinea
1,Jackson,AIU00001613,Guinea
1,Grace,AIU00001614,Guinea
1,Noah,AIU00001615,Guinea
1,Olivia,AIU00001616,Guinea
1,Liam,AIU00001617,Guinea
1,Emma,AIU00001618,Guinea
1,Henry,AIU00001619,Guinea
1,Ava,AIU00001620,Guinea
1,Samuel,AIU00001621,Guinea
1,Ella,AIU00001622,Guinea
1,Gabriel,AIU00001623,Guinea
1,Ella,AIU00001624,Guinea
1,Gabriel,AIU00001625,Guinea
1,Charlotte,AIU00001626,Guinea
1,Logan,AIU00001627,Guinea
1,Isabella,AIU00001628,Guinea
1,Elijah,AIU00001629,Guinea
1,Ava,AIU00001630,Guinea
1,Michael,AIU00001631,Guinea
1,Sophie,AIU00001632,Guinea
1,Liam,AIU00001633,Guinea
1,Emma,AIU00001634,Guinea
1,Noah,AIU00001635,Guinea
1,Amelia,AIU00001636,Guinea
1,Oliver,AIU00001637,Guinea
1,Chloe,AIU00001638,Guinea
1,Henry,AIU00001639,Guinea
1,Olivia,AIU00001640,Guinea
1,Ryan,AIU00001641,Guinea
1,Grace,AIU00001642,Guinea
1,Samuel,AIU00001643,Guinea
1,Mia,AIU00001644,Guinea
1,Daniel,AIU00001645,Guinea
1,Charlotte,AIU00001646,Guinea
1,James,AIU00001647,Guinea
1,Ava,AIU00001648,Guinea
1,Lucas,AIU00001649,Guinea
1,Lily,AIU00001650,Guinea
1,Michael,AIU00001651,Guinea
1,Emma,AIU00001652,Guinea
1,Benjamin,AIU00001653,Guinea
1,Scarlett,AIU00001654,Guinea
1,Olivia,AIU00001655,Guinea
1,Liam,AIU00001656,Guinea
1,Emma,AIU00001657,Guinea
1,Henry,AIU00001658,Guinea
1,Olivia,AIU00001659,Guinea
1,Liam,AIU00001660,Guinea
1,Emma,AIU00001661,Guinea
1,Henry,AIU00001662,Guinea
1,Ava,AIU00001663,Guinea
1,Samuel,AIU00001664,Guinea
1,Ella,AIU00001665,Guinea
1,Gabriel,AIU00001666,Guinea
1,Aria,AIU00001667,Guinea
1,Jackson,AIU00001668,Guinea
1,Grace,AIU00001669,Guinea
1,Noah,AIU00001670,Guinea
1,Olivia,AIU00001671,Guinea
1,Liam,AIU00001672,Guinea
1,Emma,AIU00001673,Guinea
1,Henry,AIU00001674,Guinea
1,Ava,AIU00001675,Guinea
1,Samuel,AIU00001676,Guinea
1,Ella,AIU00001677,Guinea
1,Gabriel,AIU00001678,Guinea
1,Ella,AIU00001679,Guinea
1,Gabriel,AIU00001680,Guinea
1,Charlotte,AIU00001681,Guinea
1,Logan,AIU00001682,Guinea
1,Isabella,AIU00001683,Guinea
1,Elijah,AIU00001684,Guinea
1,Ava,AIU00001685,Guinea
1,Michael,AIU00001686,Guinea
1,Sophie,AIU00001687,Guinea
1,Liam,AIU00001688,Guinea
1,Emma,AIU00001689,Guinea
1,Noah,AIU00001690,Guinea
1,Amelia,AIU00001691,Guinea
1,Oliver,AIU00001692,Guinea
1,Chloe,AIU00001693,Guinea
1,Henry,AIU00001694,Guinea
1,Olivia,AIU00001695,Guinea
1,Ryan,AIU00001696,Guinea
1,Grace,AIU00001697,Guinea
1,Samuel,AIU00001698,Guinea
1,Mia,AIU00001699,Guinea
1,Daniel,AIU00001700,Guinea
1,Charlotte,AIU00001701,Guinea
1,James,AIU00001702,Guinea
1,Ava,AIU00001703,Guinea
1,Lucas,AIU00001704,Guinea
1,Lily,AIU00001705,Guinea
1,Michael,AIU00001706,Guinea
1,Emma,AIU00001707,Guinea
1,Benjamin,AIU00001708,Guinea
1,Scarlett,AIU00001709,Guinea
1,Olivia,AIU00001710,Guinea
1,Liam,AIU00001711,Guinea
1,Emma,AIU00001712,Guinea
1,Henry,AIU00001713,Guinea
1,Ava,AIU00001714,Guinea
1,Samuel,AIU00001715,Guinea
1,Ella,AIU00001716,Guinea
1,Gabriel,AIU00001717,Guinea
1,Aria,AIU00001718,Guinea
1,Jackson,AIU00001719,Guinea
1,Grace,AIU00001720,Guinea
1,Noah,AIU00001721,Guinea
1,Olivia,AIU00001722,Guinea
1,Liam,AIU00001723,Guinea
1,Emma,AIU00001724,Guinea
1,Henry,AIU00001725,Guinea
1,Ava,AIU00001726,Guinea
1,Samuel,AIU00001727,Guinea
1,Ella,AIU00001728,Guinea
1,Gabriel,AIU00001729,Guinea
1,Ella,AIU00001730,Guinea
1,Gabriel,AIU00001731,Guinea
1,Charlotte,AIU00001732,Guinea
1,Logan,AIU00001733,Guinea
1,Isabella,AIU00001734,Guinea
1,Elijah,AIU00001735,Guinea
1,Ava,AIU00001736,Guinea
1,Michael,AIU00001737,Guinea
1,Sophie,AIU00001738,Guinea
1,Liam,AIU00001739,Guinea
1,Emma,AIU00001740,Guinea
1,Noah,AIU00001741,Guinea
1,Amelia,AIU00001742,Guinea
1,Oliver,AIU00001743,Guinea
1,Chloe,AIU00001744,Guinea
1,Henry,AIU00001745,Guinea
1,Olivia,AIU00001746,Guinea
1,Ryan,AIU00001747,Guinea
1,Grace,AIU00001748,Guinea
1,Samuel,AIU00001749,Guinea
1,Mia,AIU00001750,Guinea
1,Daniel,AIU00001751,Guinea
1,Charlotte,AIU00001752,Guinea
1,James,AIU00001753,Guinea
1,Ava,AIU00001754,Guinea
1,Lucas,AIU00001755,Guinea
1,Lily,AIU00001756,Guinea
1,Michael,AIU00001757,Guinea
1,Emma,AIU00001758,Guinea
1,Benjamin,AIU00001759,Guinea
1,Scarlett,AIU00001760,Guinea
1,Olivia,AIU00001761,Guinea
1,Liam,AIU00001762,Guinea
1,Emma,AIU00001763,Guinea
1,Henry,AIU00001764,Guinea
1,Ava,AIU00001765,Guinea
1,Samuel,AIU00001766,Guinea
1,Ella,AIU00001767,Guinea
1,Gabriel,AIU00001768,Guinea
1,Aria,AIU00001769,Guinea
1,Jackson,AIU00001770,Guinea
1,Grace,AIU00001771,Guinea
1,Noah,AIU00001772,Guinea
1,Olivia,AIU00001773,Guinea
1,Liam,AIU00001774,Guinea
1,Emma,AIU00001775,Guinea
1,Henry,AIU00001776,Guinea
1,Ava,AIU00001777,Guinea
1,Samuel,AIU00001778,Guinea
1,Ella,AIU00001779,Guinea
1,Gabriel,AIU00001780,Guinea
1,Ella,AIU00001781,Guinea
1,Gabriel,AIU00001782,Guinea
1,Charlotte,AIU00001783,Guinea
1,Logan,AIU00001784,Guinea
1,Isabella,AIU00001785,Guinea
1,Elijah,AIU00001786,Guinea
1,Ava,AIU00001787,Guinea
1,Michael,AIU00001788,Guinea
1,Sophie,AIU00001789,Guinea
1,Liam,AIU00001790,Guinea
1,Emma,AIU00001791,Guinea
1,Noah,AIU00001792,Guinea
1,Amelia,AIU00001793,Guinea
1,Oliver,AIU00001794,Guinea
1,Chloe,AIU00001795,Guinea
1,Henry,AIU00001796,Guinea
1,Olivia,AIU00001797,Guinea
1,Ryan,AIU00001798,Guinea
1,Grace,AIU00001799,Guinea
1,Samuel,AIU00001800,Guinea
1,Mia,AIU00001801,Guinea
1,Daniel,AIU00001802,Guinea
1,Charlotte,AIU00001803,Guinea
1,James,AIU00001804,Guinea
1,Ava,AIU00001805,Guinea
1,Lucas,AIU00001806,Guinea
1,Lily,AIU00001807,Guinea
1,Michael,AIU00001808,Guinea
1,Emma,AIU00001809,Guinea
1,Benjamin,AIU00001810,Guinea
1,Scarlett,AIU00001811,Guinea
1,Olivia,AIU00001812,Guinea
1,Liam,AIU00001813,Guinea
1,Emma,AIU00001814,Guinea
1,Henry,AIU00001815,Guinea
1,Ava,AIU00001816,Guinea
1,Samuel,AIU00001817,Guinea
1,Ella,AIU00001818,Guinea
1,Gabriel,AIU00001819,Guinea
1,Aria,AIU00001820,Guinea
1,Jackson,AIU00001821,Senagal
1,Grace,AIU00001822,Senagal
1,Noah,AIU00001823,Senagal
1,Olivia,AIU00001824,Senagal
1,Liam,AIU00001825,Senagal
1,Emma,AIU00001826,Senagal
1,Henry,AIU00001827,Senagal
1,Ava,AIU00001828,Senagal
1,Samuel,AIU00001829,Senagal
1,Ella,AIU00001830,Senagal
1,Gabriel,AIU00001831,Senagal
1,Ella,AIU00001832,Senagal
1,Gabriel,AIU00001833,Senagal
1,Charlotte,AIU00001834,Senagal
1,Logan,AIU00001835,Senagal
1,Isabella,AIU00001836,Senagal
1,Elijah,AIU00001837,Senagal
1,Ava,AIU00001838,Senagal
1,Michael,AIU00001839,Senagal
1,Sophie,AIU00001840,Senagal
1,Liam,AIU00001841,Senagal
1,Emma,AIU00001842,Senagal
1,Noah,AIU00001843,Guinea
1,Amelia,AIU00001844,Guinea
1,Oliver,AIU00001845,Guinea
1,Chloe,AIU00001846,Guinea
1,Henry,AIU00001847,Guinea
1,Olivia,AIU00001848,Guinea
1,Ryan,AIU00001849,Guinea
1,Grace,AIU00001850,Guinea
1,Samuel,AIU00001851,Guinea
1,Mia,AIU00001852,Guinea
1,Daniel,AIU00001853,Guinea
1,Charlotte,AIU00001854,Guinea
1,James,AIU00001855,Guinea
1,Ava,AIU00001856,Guinea
1,Lucas,AIU00001857,Guinea
1,Lily,AIU00001858,Guinea
1,Michael,AIU00001859,Guinea
1,Emma,AIU00001860,Senagal
1,Benjamin,AIU00001861,Senagal
1,Scarlett,AIU00001862,Senagal
1,Olivia,AIU00001863,Senagal
1,Liam,AIU00001864,Senagal
1,Emma,AIU00001865,Senagal
1,Henry,AIU00001866,Senagal
1,Ava,AIU00001867,Senagal
1,Samuel,AIU00001868,Senagal
1,Ella,AIU00001869,Senagal
1,Gabriel,AIU00001870,Senagal
1,Aria,AIU00001871,Senagal
1,Jackson,AIU00001872,Senagal
1,Grace,AIU00001873,Senagal
1,Noah,AIU00001874,Senagal
1,Olivia,AIU00001875,Senagal
1,Liam,AIU00001876,Senagal
1,Emma,AIU00001877,Senagal
1,Henry,AIU00001878,Senagal
1,Ava,AIU00001879,Senagal
1,Samuel,AIU00001880,Senagal
1,Ella,AIU00001881,Senagal
1,Gabriel,AIU00001882,Senagal
1,Ella,AIU00001883,Senagal
1,Gabriel,AIU00001884,Senagal
1,Charlotte,AIU00001885,Senagal
1,Logan,AIU00001886,Senagal
1,Isabella,AIU00001887,Senagal
1,Elijah,AIU00001888,Senagal
1,Ava,AIU00001889,Senagal
1,Michael,AIU00001890,Senagal
1,Sophie,AIU00001891,Senagal
1,Liam,AIU00001892,Senagal
1,Emma,AIU00001893,Senagal
1,Noah,AIU00001894,Senagal
1,Amelia,AIU00001895,Senagal
1,Oliver,AIU00001896,Senagal
1,Chloe,AIU00001897,Senagal
1,Henry,AIU00001898,Senagal
1,Olivia,AIU00001899,Senagal
1,Ryan,AIU00001900,Senagal
1,Grace,AIU00001901,Senagal
1,Samuel,AIU00001902,Senagal
1,Mia,AIU00001903,Senagal
1,Daniel,AIU00001904,Senagal
1,Charlotte,AIU00001905,Senagal
1,James,AIU00001906,Senagal
1,Ava,AIU00001907,Senagal
1,Lucas,AIU00001908,Senagal
1,Lily,AIU00001909,Senagal
1,Michael,AIU00001910,Senagal
1,Emma,AIU00001911,Senagal
1,Benjamin,AIU00001912,Senagal
1,Scarlett,AIU00001913,Senagal
1,Olivia,AIU00001914,Senagal
1,Liam,AIU00001915,Senagal
1,Emma,AIU00001916,Senagal
1,Henry,AIU00001917,Senagal
1,Ava,AIU00001918,Senagal
1,Samuel,AIU00001919,Senagal
1,Ella,AIU00001920,Senagal
1,Gabriel,AIU00001921,Senagal
1,Aria,AIU00001922,Senagal
1,Jackson,AIU00001923,Senagal
1,Grace,AIU00001924,Senagal
1,Noah,AIU00001925,Senagal
1,Olivia,AIU00001926,Senagal
1,Liam,AIU00001927,Senagal
1,Emma,AIU00001928,Senagal
1,Henry,AIU00001929,Senagal
1,Ava,AIU00001930,Senagal
1,Samuel,AIU00001931,Senagal
1,Ella,AIU00001932,Senagal
1,Gabriel,AIU00001933,Senagal
1,Ella,AIU00001934,Senagal
1,Gabriel,AIU00001935,Senagal
1,Charlotte,AIU00001936,Senagal
1,Logan,AIU00001937,Senagal
1,Isabella,AIU00001938,Senagal
1,Elijah,AIU00001939,Senagal
1,Ava,AIU00001940,Senagal
1,Michael,AIU00001941,Senagal
1,Sophie,AIU00001942,Senagal
1,Liam,AIU00001943,Senagal
1,Emma,AIU00001944,Senagal
1,Noah,AIU00001945,Senagal
1,Amelia,AIU00001946,Senagal
1,Oliver,AIU00001947,Senagal
1,Chloe,AIU00001948,Senagal
1,Henry,AIU00001949,Senagal
1,Olivia,AIU00001950,Senagal
1,Ryan,AIU00001951,Senagal
1,Grace,AIU00001952,Senagal
1,Samuel,AIU00001953,Senagal
1,Olivia,AIU00001954,Senagal
1,Liam,AIU00001955,Senagal
1,Emma,AIU00001956,Senagal
1,Henry,AIU00001957,Senagal
1,Ava,AIU00001958,Senagal
1,Samuel,AIU00001959,Senagal
1,Ella,AIU00001960,Senagal
1,Gabriel,AIU00001961,Senagal
1,Aria,AIU00001962,Senagal
1,Jackson,AIU00001963,Senagal
1,Grace,AIU00001964,Senagal
1,Noah,AIU00001965,Senagal
1,Olivia,AIU00001966,Senagal
1,Liam,AIU00001967,Senagal
1,Emma,AIU00001968,Senagal
1,Henry,AIU00001969,Senagal
1,Ava,AIU00001970,Senagal
1,Samuel,AIU00001971,Senagal
1,Ella,AIU00001972,Senagal
1,Gabriel,AIU00001973,Senagal
1,Ella,AIU00001974,Senagal
1,Gabriel,AIU00001975,Senagal
1,Charlotte,AIU00001976,Senagal
1,Logan,AIU00001977,Senagal
1,Isabella,AIU00001978,Senagal
1,Elijah,AIU00001979,Senagal
1,Ava,AIU00001980,Senagal
1,Michael,AIU00001981,Senagal
1,Sophie,AIU00001982,Senagal
1,Liam,AIU00001983,Senagal
1,Emma,AIU00001984,Senagal
1,Noah,AIU00001985,Senagal
1,Amelia,AIU00001986,Senagal
1,Oliver,AIU00001987,Senagal
1,Chloe,AIU00001988,Senagal
1,Henry,AIU00001989,Senagal
1,Olivia,AIU00001990,Senagal
1,Ryan,AIU00001991,Senagal
1,Grace,AIU00001992,Senagal
1,Samuel,AIU00001993,Senagal
1,Mia,AIU00001994,Senagal
1,Daniel,AIU00001995,Senagal
1,Charlotte,AIU00001996,Senagal
1,James,AIU00001997,Senagal
1,Ava,AIU00001998,Senagal
1,Lucas,AIU00001999,Senagal
1,Lily,AIU00002000,Senagal
1,Michael,AIU00002001,Senagal
1,Emma,AIU00002002,Senagal
1,Benjamin,AIU00002003,Senagal
1,Scarlett,AIU00002004,Senagal
1,Olivia,AIU00002005,Senagal
1,Liam,AIU00002006,Senagal
1,Olivia,AIU00002007,Senagal
1,Liam,AIU00002008,Senagal
1,Emma,AIU00002009,Senagal
1,Henry,AIU00002010,Senagal
1,Ava,AIU00002011,Senagal
1,Samuel,AIU00002012,Senagal
1,Ella,AIU00002013,Senagal
1,Gabriel,AIU00002014,Senagal
1,Aria,AIU00002015,Senagal
1,Jackson,AIU00002016,Senagal
1,Grace,AIU00002017,Senagal
1,Noah,AIU00002018,Senagal
1,Olivia,AIU00002019,Senagal
1,Liam,AIU00002020,Senagal
1,Emma,AIU00002021,Senagal
1,Henry,AIU00002022,Senagal
1,Ava,AIU00002023,Senagal
1,Samuel,AIU00002024,Senagal
1,Ella,AIU00002025,Senagal
1,Gabriel,AIU00002026,Senagal
1,Ella,AIU00002027,Senagal
1,Gabriel,AIU00002028,Senagal
1,Charlotte,AIU00002029,Senagal
1,Logan,AIU00002030,Senagal
1,Isabella,AIU00002031,Senagal
1,Elijah,AIU00002032,Senagal
1,Ava,AIU00002033,Senagal
1,Michael,AIU00002034,Senagal
1,Sophie,AIU00002035,Senagal
1,Liam,AIU00002036,Senagal
1,Emma,AIU00002037,Senagal
1,Noah,AIU00002038,Senagal
1,Amelia,AIU00002039,Senagal
1,Oliver,AIU00002040,Senagal
1,Chloe,AIU00002041,Senagal
1,Henry,AIU00002042,Senagal
1,Olivia,AIU00002043,Senagal
1,Ryan,AIU00002044,Senagal
1,Grace,AIU00002045,Senagal
1,Samuel,AIU00002046,Senagal
1,Mia,AIU00002047,Senagal
1,Daniel,AIU00002048,Senagal
1,Charlotte,AIU00002049,Senagal
1,James,AIU00002050,Senagal
1,Ava,AIU00002051,Senagal
1,Lucas,AIU00002052,Senagal
1,Lily,AIU00002053,Senagal
1,Michael,AIU00002054,Senagal
1,Emma,AIU00002055,Senagal
1,Benjamin,AIU00002056,Senagal
1,Scarlett,AIU00002057,Senagal
1,Olivia,AIU00002058,Senagal
1,Liam,AIU00002059,Senagal
1,Emma,AIU00002060,Senagal
1,Henry,AIU00002061,Senagal
1,Ava,AIU00002062,Senagal
1,Samuel,AIU00002063,Senagal
1,Ella,AIU00002064,Senagal
1,Gabriel,AIU00002065,Senagal
1,Aria,AIU00002066,Senagal
1,Jackson,AIU00002067,Senagal
1,Grace,AIU00002068,Senagal
1,Noah,AIU00002069,Senagal
1,Olivia,AIU00002070,Senagal
1,Liam,AIU00002071,Senagal
1,Emma,AIU00002072,Senagal
1,Henry,AIU00002073,Senagal
1,Ava,AIU00002074,Senagal
1,Samuel,AIU00002075,Senagal
1,Ella,AIU00002076,Senagal
1,Gabriel,AIU00002077,Senagal
1,Ella,AIU00002078,Senagal
1,Gabriel,AIU00002079,Senagal
1,Charlotte,AIU00002080,Senagal
1,Logan,AIU00002081,Senagal
1,Isabella,AIU00002082,Senagal
1,Elijah,AIU00002083,Senagal
1,Ava,AIU00002084,Senagal
1,Michael,AIU00002085,Senagal
1,Sophie,AIU00002086,Senagal
1,Liam,AIU00002087,Senagal
1,Emma,AIU00002088,Senagal
1,Noah,AIU00002089,Senagal
1,Amelia,AIU00002090,Senagal
1,Oliver,AIU00002091,Senagal
1,Chloe,AIU00002092,Senagal
1,Henry,AIU00002093,Senagal
1,Olivia,AIU00002094,Senagal
1,Ryan,AIU00002095,Senagal
1,Grace,AIU00002096,Senagal
1,Samuel,AIU00002097,Senagal
