Name,ID,Country
Endrik,AIU0001458,Brazil
Alexander Smith,AIU0001459,Afghanistan
Olivia Johnson,AIU0001460,Albania
Liam Brown,AIU0001461,Algeria
Emma Davis,AIU0001462,Andorra
Noah Miller,AIU0001463,Angola
Ava Wilson,AIU0001464,Antigua and Barbuda
William Moore,AIU0001465,Argentina
Sophia Taylor,AIU0001466,Armenia
James Anderson,AIU0001467,Australia
Isabella Thomas,AIU0001468,Austria
Benjamin Jackson,AIU0001469,Azerbaijan
Mia White,AIU0001470,Bahamas
Lucas Harris,AIU0001471,Bahrain
Amelia Martin,AIU0001472,Bangladesh
Henry Thompson,AIU0001473,Barbados
Harper Garcia,AIU0001474,Belarus
Ethan Martinez,AIU0001475,Belgium
Evelyn Robinson,AIU0001476,Belize
Matthew Clark,AIU0001477,Benin
Abigail Rodriguez,AIU0001478,Bhutan
Samuel Lewis,AIU0001479,Bolivia
Ella Lee,AIU0001480,Bosnia and Herzegovina
David Walker,AIU0001481,Botswana
Scarlett Hall,AIU0001482,Brazil
Joseph Allen,AIU0001483,Brunei
Grace Young,AIU0001484,Bulgaria
Michael King,AIU0001485,Burkina Faso
Lily Scott,AIU0001486,Burundi
Daniel Wright,AIU0001487,Cabo Verde
Aria Adams,AIU0001488,Cambodia
Aiden Mitchell,AIU0001489,Cameroon
Chloe Carter,AIU0001490,Canada
Logan Phillips,AIU0001491,Central African Republic
Isla Evans,AIU0001492,Chad
Jackson Turner,AIU0001493,Chile
Charlotte Parker,AIU0001494,China
Sebastian Collins,AIU0001495,Colombia
Aurora Murphy,AIU0001496,Comoros
Jack Rivera,AIU0001497,Congo
Zoey Cooper,AIU0001498,Costa Rica
Owen Richardson,AIU0001499,Croatia
Stella Bailey,AIU0001500,Cuba
Gabriel James,AIU0001501,Cyprus
Natalie Morris,AIU0001502,Czech Republic
Carter Jenkins,AIU0001503,Denmark
Emilia Long,AIU0001504,Djibouti
Wyatt Allen,AIU0001505,Dominica
Zoe Sanders,AIU0001506,Dominican Republic
Jayden Bennett,AIU0001507,East Timor
Alice Kelly,AIU0001508,Ecuador
Julian Cox,AIU0001509,Egypt
Leah Ward,AIU0001510,El Salvador
Luke Gray,AIU0001511,Equatorial Guinea
Hazel Ramirez,AIU0001512,Eritrea
Isaac Hughes,AIU0001513,Estonia
Ellie Rogers,AIU0001514,Eswatini
Levi Bell,AIU0001515,Ethiopia
Luna Powell,AIU0001516,Fiji
Mateo Nelson,AIU0001517,Finland
Savannah Mitchell,AIU0001518,France
Anthony Price,AIU0001519,Gabon
Skylar Ross,AIU0001520,Gambia
Jaxon Rivera,AIU0001521,Georgia
Audrey Bryant,AIU0001522,Germany
Lincoln Howard,AIU0001523,Ghana
Bella Fisher,AIU0001524,Greece
Joshua Cooper,AIU0001525,Grenada
Nora Simmons,AIU0001526,Guatemala
Christopher Hayes,AIU0001527,Guinea
Mila Brooks,AIU0001528,Guinea-Bissau
Grayson Murphy,AIU0001529,Guyana
Layla Ward,AIU0001530,Haiti
Caleb Foster,AIU0001531,Honduras
Lillian Turner,AIU0001532,Hungary
Ryan Ward,AIU0001533,Iceland
Addison Ramirez,AIU0001534,India
Nathan Wood,AIU0001535,Indonesia
Lucy Ward,AIU0001536,Iran
Dylan Cox,AIU0001537,Iraq
Paisley Rogers,AIU0001538,Ireland
Eli Powell,AIU0001539,Israel
Aurora Barnes,AIU0001540,Italy
Aaron Bennett,AIU0001541,Jamaica
Stella Foster,AIU0001542,Japan
Charles Bryant,AIU0001543,Jordan
Leah Simmons,AIU0001544,Kazakhstan
Thomas Coleman,AIU0001545,Kenya
Bella Murphy,AIU0001546,Kiribati
Zachary Morris,AIU0001547,"Korea, North"
Ellie Peterson,AIU0001548,"Korea, South"
Josiah Hayes,AIU0001549,Kosovo
Chloe Bell,AIU0001550,Kuwait
Adrian Davis,AIU0001551,Kyrgyzstan
Mila Kelly,AIU0001552,Laos
Nicholas Miller,AIU0001553,Latvia
Riley Ward,AIU0001554,Lebanon
Joshua Cooper,AIU0001555,Lesotho
Sophie Adams,AIU0001556,Liberia
Adam Turner,AIU0001557,Libya
Maya Morgan,AIU0001558,Liechtenstein
Aaron Rivera,AIU0001559,Lithuania
Hannah King,AIU0001560,Luxembourg
Levi Martin,AIU0001561,Madagascar
Audrey Evans,AIU0001562,Malawi
Hunter Allen,AIU0001563,Malaysia
Eva Collins,AIU0001564,Maldives
Christian Walker,AIU0001565,Mali
Evelyn Ward,AIU0001566,Malta
Eli Reed,AIU0001567,Marshall Islands
Arianna Foster,AIU0001568,Mauritania
Asher Rogers,AIU0001569,Mauritius
Sofia Bell,AIU0001570,Mexico
Max Sanders,AIU0001571,Micronesia
Hannah Powell,AIU0001572,Moldova
Josiah Murphy,AIU0001573,Monaco
Maya Hughes,AIU0001574,Mongolia
Jonathan Jenkins,AIU0001575,Montenegro
Addison Brown,AIU0001576,Morocco
Levi Hill,AIU0001577,Mozambique
Ellie Powell,AIU0001578,Myanmar
Caleb Turner,AIU0001579,Namibia
Lucy King,AIU0001580,Nauru
Daniel Coleman,AIU0001581,Nepal
Skylar Lee,AIU0001582,Netherlands
Leo Baker,AIU0001583,New Zealand
Ruby Price,AIU0001584,Nicaragua
Adrian Martin,AIU0001585,Niger
Zoe Lewis,AIU0001586,Nigeria
Gabriel Mitchell,AIU0001587,North Macedonia
Aurora Adams,AIU0001588,Norway
Jack Davis,AIU0001589,Oman
Lily Thompson,AIU0001590,Pakistan
Jason Young,AIU0001591,Palau
Alice Walker,AIU0001592,Panama
Thomas Rodriguez,AIU0001593,Papua New Guinea
Scarlett Baker,AIU0001594,Paraguay
Alex Clark,AIU0001595,Peru
Leah Johnson,AIU0001596,Philippines
Mateo Wright,AIU0001597,Poland
Emily Thompson,AIU0001598,Portugal
Noah Wilson,AIU0001599,Qatar
Mia Brown,AIU0001600,Romania
William Taylor,AIU0001601,Russia
Sofia Harris,AIU0001602,Rwanda
James Davis,AIU0001603,Saint Kitts and Nevis
Isabella Lee,AIU0001604,Saint Lucia
Benjamin Martinez,AIU0001605,Saint Vincent and the Grenadines
Emma Walker,AIU0001606,Samoa
Lucas Anderson,AIU0001607,San Marino
Amelia Scott,AIU0001608,Sao Tome and Principe
Henry Clark,AIU0001609,Saudi Arabia
Harper Allen,AIU0001610,Senegal
Ethan Thompson,AIU0001611,Serbia
Evelyn Martinez,AIU0001612,Seychelles
Matthew Lewis,AIU0001613,Sierra Leone
Abigail Hill,AIU0001614,Singapore
Samuel Davis,AIU0001615,Slovakia
Ella Wright,AIU0001616,Slovenia
David Roberts,AIU0001617,Solomon Islands
Scarlett Carter,AIU0001618,Somalia
Joseph Phillips,AIU0001619,South Africa
Grace Mitchell,AIU0001620,South Sudan
Michael Cooper,AIU0001621,Spain
Lily Edwards,AIU0001622,Sri Lanka
Daniel Jones,AIU0001623,Sudan
Aria Turner,AIU0001624,Brazil
Aiden Green,AIU0001625,Afghanistan
Chloe Davis,AIU0001626,Albania
Logan King,AIU0001627,Algeria
Isla Carter,AIU0001628,Andorra
Jackson Harris,AIU0001629,Angola
Charlotte Robinson,AIU0001630,Antigua and Barbuda
Sebastian Lewis,AIU0001631,Argentina
Aurora Allen,AIU0001632,Armenia
Jack Morris,AIU0001633,Australia
Zoey Harris,AIU0001634,Austria
Owen Mitchell,AIU0001635,Azerbaijan
Stella Moore,AIU0001636,Bahamas
Gabriel Miller,AIU0001637,Bahrain
Natalie Young,AIU0001638,Bangladesh
Carter Reed,AIU0001639,Barbados
Emilia Phillips,AIU0001640,Belarus
Wyatt Taylor,AIU0001641,Belgium
Zoe Wright,AIU0001642,Belize
Jayden Hill,AIU0001643,Benin
Alice White,AIU0001644,Bhutan
Julian Green,AIU0001645,Bolivia
Leah Turner,AIU0001646,Bosnia and Herzegovina
Luke Hall,AIU0001647,Botswana
Hazel Davis,AIU0001648,Brazil
Isaac Anderson,AIU0001649,Brunei
Ellie Moore,AIU0001650,Bulgaria
Levi Jackson,AIU0001651,Burkina Faso
Luna Robinson,AIU0001652,Burundi
Mateo Cooper,AIU0001653,Cabo Verde
Savannah Johnson,AIU0001654,Cambodia
Anthony Hill,AIU0001655,Cameroon
Skylar Taylor,AIU0001656,Canada
Jaxon Carter,AIU0001657,Central African Republic
Audrey Brown,AIU0001658,Chad
Lincoln Lee,AIU0001659,Chile
Bella Anderson,AIU0001660,China
Joshua Davis,AIU0001661,Colombia
Nora Robinson,AIU0001662,Comoros
Christopher Scott,AIU0001663,Congo
Mila Harris,AIU0001664,Costa Rica
Grayson Taylor,AIU0001665,Croatia
Layla White,AIU0001666,Cuba
Caleb King,AIU0001667,Cyprus
Lillian Walker,AIU0001668,Czech Republic
Ryan Martinez,AIU0001669,Denmark
Addison Reed,AIU0001670,Djibouti
Nathan Young,AIU0001671,Dominica
Lucy Miller,AIU0001672,Dominican Republic
Dylan Johnson,AIU0001673,East Timor
Paisley Allen,AIU0001674,Ecuador
Eli Walker,AIU0001675,Egypt
Aurora Thompson,AIU0001676,El Salvador
Aaron Martin,AIU0001677,Equatorial Guinea
Stella Brown,AIU0001678,Eritrea
Charles Miller,AIU0001679,Estonia
Leah Scott,AIU0001680,Eswatini
Thomas Phillips,AIU0001681,Ethiopia
Bella Cooper,AIU0001682,Fiji
Zachary Clark,AIU0001683,Finland
Ellie Robinson,AIU0001684,France
Josiah Davis,AIU0001685,Gabon
Chloe Lewis,AIU0001686,Gambia
Adrian Turner,AIU0001687,Georgia
Mila Moore,AIU0001688,Germany
Nicholas Harris,AIU0001689,Ghana
Riley Johnson,AIU0001690,Greece
Joshua Baker,AIU0001691,Grenada
Sophie Lee,AIU0001692,Guatemala
Adam Mitchell,AIU0001693,Guinea
Maya Carter,AIU0001694,Guinea-Bissau
Aaron Scott,AIU0001695,Guyana
Hannah Lewis,AIU0001696,Haiti
Levi Walker,AIU0001697,Honduras
Audrey Martinez,AIU0001698,Hungary
Hunter King,AIU0001699,Iceland
Eva Brown,AIU0001700,Egypt
Christian Reed,AIU0001701,El Salvador
Evelyn Robinson,AIU0001702,Equatorial Guinea
Eli Anderson,AIU0001703,Eritrea
Arianna Wright,AIU0001704,Estonia
Asher Miller,AIU0001705,Eswatini
Sofia Davis,AIU0001706,Ethiopia
Max Turner,AIU0001707,Fiji
Hannah Lee,AIU0001708,Finland
Josiah Smith,AIU0001709,France
Maya Taylor,AIU0001710,Gabon
Jonathan White,AIU0001711,Gambia
Addison Green,AIU0001712,Georgia
Levi Harris,AIU0001713,Germany
Ellie Wilson,AIU0001714,Ghana
Caleb Davis,AIU0001715,Greece
Lucy Martin,AIU0001716,Grenada
Daniel Robinson,AIU0001717,Guatemala
Skylar Baker,AIU0001718,Guinea
Leo Young,AIU0001719,Guinea-Bissau
Ruby Johnson,AIU0001720,Guyana
Adrian Lewis,AIU0001721,Haiti
Zoe Scott,AIU0001722,Honduras
Gabriel Taylor,AIU0001723,Hungary
Aurora Adams,AIU0001724,Iceland
Jack Turner,AIU0001725,India
Lily Green,AIU0001726,Indonesia
Jason Johnson,AIU0001727,Iran
Alice Clark,AIU0001728,Iraq
Thomas Lee,AIU0001729,Ireland
Scarlett Mitchell,AIU0001730,Israel
Alex King,AIU0001731,Italy
Leah Moore,AIU0001732,Jamaica
Mateo Walker,AIU0001733,Japan
Emily Harris,AIU0001734,Jordan
Noah Robinson,AIU0001735,Kazakhstan
Mia King,AIU0001736,Kenya
William Miller,AIU0001737,Kiribati
Sofia Young,AIU0001738,"Korea, North"
James Brown,AIU0001739,"Korea, South"
Isabella Martinez,AIU0001740,Kosovo
Benjamin Taylor,AIU0001741,Kuwait
Emma Davis,AIU0001742,Kyrgyzstan
Lucas Wilson,AIU0001743,Laos
Amelia Clark,AIU0001744,Latvia
Henry Moore,AIU0001745,Lebanon
Harper White,AIU0001746,Lesotho
Ethan Harris,AIU0001747,Liberia
Evelyn Brown,AIU0001748,Libya
Matthew Johnson,AIU0001749,Liechtenstein
Abigail King,AIU0001750,Lithuania
Samuel Scott,AIU0001751,Luxembourg
Ella Green,AIU0001752,Madagascar
David Lewis,AIU0001753,Malawi
Scarlett Turner,AIU0001754,Malaysia
Joseph Anderson,AIU0001755,Maldives
Grace Robinson,AIU0001756,Mali
Michael Carter,AIU0001757,Malta
Lily Wilson,AIU0001758,Marshall Islands
Daniel White,AIU0001759,Mauritania
Aria Martinez,AIU0001760,Mauritius
Aiden Johnson,AIU0001761,Mexico
Chloe Harris,AIU0001762,Micronesia
Logan Taylor,AIU0001763,Moldova
Isla Scott,AIU0001764,Monaco
Jackson Miller,AIU0001765,Mongolia
Charlotte Davis,AIU0001766,Montenegro
Sebastian King,AIU0001767,Morocco
Aurora Brown,AIU0001768,Mozambique
Jack Moore,AIU0001769,Myanmar
Zoey White,AIU0001770,Namibia
Owen Clark,AIU0001771,Nauru
Stella Lewis,AIU0001772,Nepal
Gabriel Scott,AIU0001773,Netherlands
Natalie Carter,AIU0001774,New Zealand
Carter Johnson,AIU0001775,Nicaragua
Emilia Green,AIU0001776,Niger
Wyatt Wilson,AIU0001777,Nigeria
Zoe Miller,AIU0001778,North Macedonia
Jayden Robinson,AIU0001779,Norway
Alice White,AIU0001780,Oman
Julian Harris,AIU0001781,Pakistan
Leah Davis,AIU0001782,Palau
Luke Brown,AIU0001783,Panama
Hazel Clark,AIU0001784,Papua New Guinea
Isaac Johnson,AIU0001785,Paraguay
Ellie Martinez,AIU0001786,Peru
Levi Wilson,AIU0001787,Philippines
Luna Scott,AIU0001788,Poland
Mateo Moore,AIU0001789,Portugal
Savannah Taylor,AIU0001790,Qatar
Anthony Clark,AIU0001791,Romania
Skylar Lewis,AIU0001792,Russia
Jaxon Walker,AIU0001793,Rwanda
Audrey White,AIU0001794,Saint Kitts and Nevis
Lincoln Miller,AIU0001795,Saint Lucia
Bella Brown,AIU0001796,Saint Vincent and the Grenadines
Joshua Scott,AIU0001797,Samoa
Nora Green,AIU0001798,San Marino
Christopher Wilson,AIU0001799,Sao Tome and Principe
Mila Davis,AIU0001800,Saudi Arabia
Grayson White,AIU0001801,Senegal
Layla Johnson,AIU0001802,Serbia
Caleb Clark,AIU0001803,Seychelles
Lillian Martinez,AIU0001804,Sierra Leone
Ryan Lewis,AIU0001805,Singapore
Addison White,AIU0001806,Slovakia
Nathan Walker,AIU0001807,Slovenia
Lucy Scott,AIU0001808,Solomon Islands
Dylan Brown,AIU0001809,Somalia
Paisley Miller,AIU0001810,South Africa
Eli Johnson,AIU0001811,South Sudan
Aurora Green,AIU0001812,Spain
Aaron Davis,AIU0001813,Sri Lanka
Stella Wilson,AIU0001814,Sudan
Charles Martinez,AIU0001815,Suriname
Leah Clark,AIU0001816,Sweden
Thomas Lewis,AIU0001817,Switzerland
Bella Taylor,AIU0001818,Syria
Zachary Scott,AIU0001819,Taiwan
Ellie Walker,AIU0001820,Tajikistan
Josiah Brown,AIU0001821,Tanzania
Chloe Johnson,AIU0001822,Thailand
Adrian Miller,AIU0001823,Timor-Leste
Mila Green,AIU0001824,Turkey
Nicholas Wilson,AIU0001825,Turkmenistan
Riley Lewis,AIU0001826,Tuvalu
Joshua White,AIU0001827,Uganda
Sophie Davis,AIU0001828,Ukraine
Adam Clark,AIU0001829,United Arab Emirates
Maya White,AIU0001830,United Kingdom
Aaron Martinez,AIU0001831,United States
Hannah Green,AIU0001832,Uruguay
Levi Davis,AIU0001833,Uzbekistan
Audrey Wilson,AIU0001834,Vanuatu
Hunter Scott,AIU0001835,Vatican City
Eva Johnson,AIU0001836,Venezuela
Christian Brown,AIU0001837,Vietnam
Evelyn Lewis,AIU0001838,Yemen
Eli Walker,AIU0001839,Zambia
Arianna Davis,AIU0001840,Zimbabwe
Asher Miller,AIU0001841,Afghanistan
Sofia White,AIU0001842,Albania
Max Wilson,AIU0001843,Algeria
Hannah Scott,AIU0001844,Andorra
Josiah Lewis,AIU0001845,Angola
Maya Martinez,AIU0001846,Antigua and Barbuda
Jonathan White,AIU0001847,Argentina
Addison Brown,AIU0001848,Armenia
Levi Wilson,AIU0001849,Australia
Ellie Harris,AIU0001850,Austria
Caleb Davis,AIU0001851,Azerbaijan
Lucy Miller,AIU0001852,Bahamas
Daniel Green,AIU0001853,Bahrain
Skylar Johnson,AIU0001854,Bangladesh
Leo Taylor,AIU0001855,Barbados
Ruby Brown,AIU0001856,Belarus
Adrian Scott,AIU0001857,Belgium
Zoe Wilson,AIU0001858,Belize
Gabriel Lewis,AIU0001859,Benin
Aurora Clark,AIU0001860,Bhutan
Jack White,AIU0001861,Bolivia
Lily Brown,AIU0001862,Bosnia and Herzegovina
Jason Martinez,AIU0001863,Botswana
Alice Davis,AIU0001864,Brazil
Thomas Green,AIU0001865,Brunei
Scarlett Taylor,AIU0001866,Bulgaria
Alex Wilson,AIU0001867,Burkina Faso
Leah Harris,AIU0001868,Burundi
Mateo Lewis,AIU0001869,Cabo Verde
Emily Scott,AIU0001870,Cambodia
Noah Johnson,AIU0001871,Cameroon
Mia Brown,AIU0001872,Canada
William Taylor,AIU0001873,Central African Republic
Sofia Martinez,AIU0001874,Chad
James Wilson,AIU0001875,Chile
Isabella Davis,AIU0001876,China
Benjamin Brown,AIU0001877,Colombia
Emma Clark,AIU0001878,Comoros
Lucas Miller,AIU0001879,Congo
Amelia Johnson,AIU0001880,Costa Rica
Henry Scott,AIU0001881,Croatia
Harper Davis,AIU0001882,Cuba
Ethan White,AIU0001883,Cyprus
Evelyn Green,AIU0001884,Czech Republic
Matthew Taylor,AIU0001885,Denmark
Abigail Martinez,AIU0001886,Djibouti
Samuel Wilson,AIU0001887,Dominica
Ella Harris,AIU0001888,Dominican Republic
David Brown,AIU0001889,East Timor
Scarlett Lewis,AIU0001890,Ecuador
Joseph Walker,AIU0001891,Egypt
Grace Scott,AIU0001892,El Salvador
Michael Wilson,AIU0001893,Equatorial Guinea
Lily Taylor,AIU0001894,Eritrea
Daniel Green,AIU0001895,Estonia
Aria Brown,AIU0001896,Eswatini
Aiden Miller,AIU0001897,Ethiopia
Chloe Davis,AIU0001898,Fiji
Logan Scott,AIU0001899,Finland
Isla Johnson,AIU0001900,France
Jackson Taylor,AIU0001901,Gabon
Charlotte Martinez,AIU0001902,Gambia
Sebastian Green,AIU0001903,Georgia
Aurora Walker,AIU0001904,Germany
Jack Wilson,AIU0001905,Ghana
Zoey Davis,AIU0001906,Greece
Owen Clark,AIU0001907,Micronesia
Stella Brown,AIU0001908,Moldova
Gabriel Johnson,AIU0001909,Monaco
Natalie Miller,AIU0001910,Mongolia
Carter White,AIU0001911,Montenegro
Emilia Scott,AIU0001912,Morocco
Wyatt Wilson,AIU0001913,Mozambique
Zoe Martinez,AIU0001914,Myanmar
Jayden Davis,AIU0001915,Namibia
Alice Brown,AIU0001916,Nauru
Julian Green,AIU0001917,Nepal
Leah White,AIU0001918,Netherlands
Luke Harris,AIU0001919,New Zealand
Hazel Walker,AIU0001920,Nicaragua
Isaac Taylor,AIU0001921,Niger
Ellie Wilson,AIU0001922,Nigeria
Levi Martinez,AIU0001923,North Macedonia
Luna Davis,AIU0001924,Norway
Mateo Scott,AIU0001925,Oman
Savannah Brown,AIU0001926,Pakistan
Anthony Johnson,AIU0001927,Palau
Skylar White,AIU0001928,Panama
Jaxon Davis,AIU0001929,Papua New Guinea
Audrey Green,AIU0001930,Paraguay
Lincoln Miller,AIU0001931,Peru
Bella Wilson,AIU0001932,Philippines
Joshua Taylor,AIU0001933,Poland
Nora Harris,AIU0001934,Portugal
Christopher White,AIU0001935,Qatar
Mila Davis,AIU0001936,Romania
Grayson Brown,AIU0001937,Russia
Layla Johnson,AIU0001938,Rwanda
Caleb Clark,AIU0001939,Saint Kitts and Nevis
Lillian White,AIU0001940,Saint Lucia
Ryan Davis,AIU0001941,Saint Vincent and the Grenadines
Addison Martinez,AIU0001942,Samoa
Nathan Scott,AIU0001943,San Marino
Lucy Wilson,AIU0001944,Sao Tome and Principe
Dylan Miller,AIU0001945,Saudi Arabia
Paisley Harris,AIU0001946,Senegal
Eli Brown,AIU0001947,Serbia
Aurora Johnson,AIU0001948,Seychelles
Aaron Davis,AIU0001949,Sierra Leone
Stella Green,AIU0001950,Singapore
Charles Wilson,AIU0001951,Slovakia
Leah Brown,AIU0001952,Slovenia
Thomas Taylor,AIU0001953,Solomon Islands
Bella Miller,AIU0001954,Somalia
Zachary White,AIU0001955,South Africa
Ellie Scott,AIU0001956,South Sudan
Josiah Martinez,AIU0001957,Spain
Chloe Davis,AIU0001958,Sri Lanka
Adrian Wilson,AIU0001959,Sudan
Mila Green,AIU0001960,Suriname
Nicholas Harris,AIU0001961,Sweden
Riley White,AIU0001962,Switzerland
Joshua Brown,AIU0001963,Syria
Sophie Wilson,AIU0001964,Taiwan
Adam Martinez,AIU0001965,Tajikistan
Maya Davis,AIU0001966,Tanzania
Aaron Taylor,AIU0001967,Thailand
Hannah Miller,AIU0001968,Timor-Leste
Levi Johnson,AIU0001969,Togo
Audrey Wilson,AIU0001970,Tonga
Hunter Brown,AIU0001971,Trinidad and Tobago
Eva Davis,AIU0001972,Tunisia
Christian Green,AIU0001973,Turkey
Evelyn White,AIU0001974,Turkmenistan
Eli Wilson,AIU0001975,Tuvalu
Arianna Martinez,AIU0001976,Uganda
Asher Scott,AIU0001977,Ukraine
Sofia Brown,AIU0001978,United Arab Emirates
Max Harris,AIU0001979,United Kingdom
Hannah Wilson,AIU0001980,United States
Josiah Taylor,AIU0001981,Uruguay
Maya Johnson,AIU0001982,Uzbekistan
Jonathan White,AIU0001983,Vanuatu
Addison Green,AIU0001984,Vatican City
Levi Brown,AIU0001985,Venezuela
Ellie Miller,AIU0001986,Vietnam
Caleb Davis,AIU0001987,Yemen
Lucy Wilson,AIU0001988,Zambia
Daniel Scott,AIU0001989,Zimbabwe
Skylar Harris,AIU0001990,Afghanistan
Leo White,AIU0001991,Albania
Ruby Martinez,AIU0001992,Algeria
Adrian Brown,AIU0001993,Andorra
Zoe Wilson,AIU0001994,Angola
Gabriel Green,AIU0001995,Russia
Aurora Taylor,AIU0001996,Rwanda
Jack Harris,AIU0001997,Saint Kitts and Nevis
Lily Davis,AIU0001998,Saint Lucia
Jason White,AIU0001999,Saint Vincent and the Grenadines
Alice Johnson,AIU0002000,Samoa
Thomas Brown,AIU0002001,San Marino
Scarlett Wilson,AIU0002002,Sao Tome and Principe
Alex Green,AIU0002003,Saudi Arabia
Leah Harris,AIU0002004,Senegal
Mateo Taylor,AIU0002005,Serbia
Emily Scott,AIU0002006,Seychelles
Noah Brown,AIU0002007,Sierra Leone
Mia Wilson,AIU0002008,Singapore
William Miller,AIU0002009,Slovakia
Sofia Davis,AIU0002010,Slovenia
James Johnson,AIU0002011,Solomon Islands
Isabella Green,AIU0002012,Somalia
Benjamin Wilson,AIU0002013,South Africa
Emma White,AIU0002014,South Sudan
Lucas Taylor,AIU0002015,Spain
Amelia Harris,AIU0002016,Sri Lanka
Henry Brown,AIU0002017,Sudan
Harper Johnson,AIU0002018,Cabo Verde
Ethan Davis,AIU0002019,Cambodia
Evelyn Wilson,AIU0002020,Cameroon
Matthew White,AIU0002021,Canada
Abigail Miller,AIU0002022,Central African Republic
Samuel Harris,AIU0002023,Chad
Ella Scott,AIU0002024,Chile
David Wilson,AIU0002025,China
Scarlett Taylor,AIU0002026,Colombia
Joseph Green,AIU0002027,Comoros
Grace Johnson,AIU0002028,Congo
Michael Brown,AIU0002029,Costa Rica
Lily Davis,AIU0002030,Croatia
Daniel White,AIU0002031,Cuba
Aria Harris,AIU0002032,Cyprus
Aiden Wilson,AIU0002033,Czech Republic
Chloe Miller,AIU0002034,Denmark
Logan Brown,AIU0002035,Djibouti
Isla Johnson,AIU0002036,Dominica
Jackson White,AIU0002037,Dominican Republic
Charlotte Green,AIU0002038,East Timor
Sebastian Scott,AIU0002039,Ecuador
Aurora Davis,AIU0002040,Egypt
Jack Wilson,AIU0002041,El Salvador
Zoey Taylor,AIU0002042,Equatorial Guinea
Owen Brown,AIU0002043,Eritrea
Stella Harris,AIU0002044,Estonia
Gabriel White,AIU0002045,Eswatini
Natalie Johnson,AIU0002046,Ethiopia
Carter Miller,AIU0002047,Fiji
Emilia Green,AIU0002048,Finland
Wyatt Scott,AIU0002049,France
Zoe Wilson,AIU0002050,Gabon
Jayden Harris,AIU0002051,Gambia
Alice Brown,AIU0002052,Georgia
Julian White,AIU0002053,Germany
Leah Taylor,AIU0002054,Ghana
Luke Johnson,AIU0002055,Greece
Hazel Davis,AIU0002056,Grenada
Isaac Wilson,AIU0002057,Guatemala
Ellie Green,AIU0002058,Guinea
Levi Miller,AIU0002059,Guinea-Bissau
Luna Brown,AIU0002060,Guyana
Mateo Harris,AIU0002061,Haiti
Savannah Wilson,AIU0002062,Honduras
Anthony Johnson,AIU0002063,Hungary
Skylar White,AIU0002064,Iceland
Jaxon Taylor,AIU0002065,India
Audrey Green,AIU0002066,Indonesia
Lincoln Brown,AIU0002067,Iran
Bella Miller,AIU0002068,Iraq
Joshua Davis,AIU0002069,Ireland
Nora Johnson,AIU0002070,Israel
Christopher Wilson,AIU0002071,Italy
Mila Green,AIU0002072,Jamaica
Grayson Taylor,AIU0002073,Japan
Layla Harris,AIU0002074,Jordan
Caleb Brown,AIU0002075,Kazakhstan
Lillian Wilson,AIU0002076,Kenya
Ryan Miller,AIU0002077,Kiribati
Addison White,AIU0002078,"Korea, North"
Nathan Johnson,AIU0002079,"Korea, South"
Lucy Scott,AIU0002080,Kosovo
Dylan Brown,AIU0002081,Kuwait
Paisley Wilson,AIU0002082,Kyrgyzstan
Eli Harris,AIU0002083,Laos
Aurora Davis,AIU0002084,Latvia
Aaron Johnson,AIU0002085,Lebanon
Stella White,AIU0002086,Lesotho
Charles Brown,AIU0002087,Liberia
Leah Green,AIU0002088,Libya
Thomas Wilson,AIU0002089,Liechtenstein
Bella Miller,AIU0002090,Lithuania
Zachary White,AIU0002091,Luxembourg
Ellie Scott,AIU0002092,Madagascar
Josiah Johnson,AIU0002093,Malawi
Chloe Davis,AIU0002094,Malaysia
Adrian Brown,AIU0002095,Maldives
Mila Harris,AIU0002096,Mali
Nicholas Wilson,AIU0002097,Malta
Riley Green,AIU0002098,Marshall Islands
Joshua Taylor,AIU0002099,Mauritania
Sophie White,AIU0002100,Mauritius
Adam Johnson,AIU0002101,Mexico
Maya Davis,AIU0002102,Micronesia
Aaron Harris,AIU0002103,Moldova
Hannah Wilson,AIU0002104,Monaco
Levi Brown,AIU0002105,Mongolia
Audrey Scott,AIU0002106,Montenegro
Hunter Green,AIU0002107,Morocco
Eva Johnson,AIU0002108,Mozambique
Christian Wilson,AIU0002109,Myanmar
Evelyn Brown,AIU0002110,Namibia
Eli Miller,AIU0002111,Nauru
Arianna White,AIU0002112,Nepal
Asher Davis,AIU0002113,Netherlands
Sofia Green,AIU0002114,New Zealand
Max Johnson,AIU0002115,Nicaragua
Hannah Taylor,AIU0002116,Niger
Josiah Wilson,AIU0002117,Nigeria
Maya Miller,AIU0002118,North Macedonia
Jonathan Brown,AIU0002119,Norway
Addison Harris,AIU0002120,Oman
Levi White,AIU0002121,Pakistan
Ellie Davis,AIU0002122,Palau
Caleb Green,AIU0002123,Panama
Lucy Johnson,AIU0002124,Papua New Guinea
Daniel Wilson,AIU0002125,Paraguay
Skylar Taylor,AIU0002126,Peru
Leo Brown,AIU0002127,Philippines
Ruby White,AIU0002128,Poland
Adrian Harris,AIU0002129,Portugal
Zoe Miller,AIU0002130,Qatar
Gabriel Davis,AIU0002131,Romania
Aurora Wilson,AIU0002132,Russia
Jack Green,AIU0002133,Rwanda
Lily Johnson,AIU0002134,Saint Kitts and Nevis
Jason Brown,AIU0002135,Saint Lucia
Alice Scott,AIU0002136,Saint Vincent and the Grenadines
Thomas Wilson,AIU0002137,Samoa
Scarlett Miller,AIU0002138,San Marino
Alex White,AIU0002139,Sao Tome and Principe
Leah Green,AIU0002140,Saudi Arabia
Mateo Davis,AIU0002141,Senegal
Emily Wilson,AIU0002142,Serbia
Noah Brown,AIU0002143,Seychelles
Mia Harris,AIU0002144,Sierra Leone
William Taylor,AIU0002145,Singapore
Sofia Johnson,AIU0002146,Slovakia
James Wilson,AIU0002147,Slovenia
Isabella Miller,AIU0002148,Solomon Islands
Benjamin Brown,AIU0002149,Somalia
Emma White,AIU0002150,South Africa
Lucas Johnson,AIU0002151,South Sudan
Amelia Scott,AIU0002152,Spain
Henry Green,AIU0002153,Sri Lanka
Harper Davis,AIU0002154,Sudan
Ethan Brown,AIU0002155,Suriname
Evelyn Wilson,AIU0002156,Sweden
Matthew Taylor,AIU0002157,Switzerland
Abigail Miller,AIU0002158,Syria
Samuel Harris,AIU0002159,Taiwan
Ella Johnson,AIU0002160,Tajikistan
David White,AIU0002161,Tanzania
Scarlett Brown,AIU0002162,Thailand
Joseph Wilson,AIU0002163,Timor-Leste
Grace Miller,AIU0002164,Togo
Michael Johnson,AIU0002165,Tonga
Lily Scott,AIU0002166,Trinidad and Tobago
Daniel Brown,AIU0002167,Tunisia
Aria Harris,AIU0002168,Turkey
Aiden Wilson,AIU0002169,Turkmenistan
Chloe Miller,AIU0002170,Tuvalu
Logan Johnson,AIU0002171,Uganda
Isla White,AIU0002172,Ukraine
Jackson Brown,AIU0002173,United Arab Emirates
Charlotte Davis,AIU0002174,United Kingdom
Sebastian Green,AIU0002175,United States
Aurora Wilson,AIU0002176,Uruguay
Jack Taylor,AIU0002177,Uzbekistan
Zoey Harris,AIU0002178,Vanuatu
Owen Johnson,AIU0002179,Vatican City
Stella Brown,AIU0002180,Venezuela
Gabriel Miller,AIU0002181,Vietnam
Natalie Wilson,AIU0002182,Yemen
Carter Harris,AIU0002183,Zambia
Emilia Johnson,AIU0002184,Zimbabwe
Wyatt White,AIU0002185,Afghanistan
Zoe Davis,AIU0002186,Albania
Jayden Green,AIU0002187,Algeria
Alice Wilson,AIU0002188,Andorra
Julian Brown,AIU0002189,Angola
Leah Taylor,AIU0002190,Antigua and Barbuda
Luke Johnson,AIU0002191,Argentina
Hazel Davis,AIU0002192,Armenia
Isaac Wilson,AIU0002193,Australia
Ellie Brown,AIU0002194,Austria
Levi Miller,AIU0002195,Azerbaijan
Luna Harris,AIU0002196,Bahamas
Mateo Johnson,AIU0002197,Bahrain
Savannah White,AIU0002198,Bangladesh
Anthony Green,AIU0002199,Barbados
Skylar Wilson,AIU0002200,Belarus
Jaxon Davis,AIU0002201,Belgium
Audrey Brown,AIU0002202,Belize
Lincoln Miller,AIU0002203,Benin
Bella Johnson,AIU0002204,Bhutan
Joshua Wilson,AIU0002205,Bolivia
Nora Harris,AIU0002206,Bosnia and Herzegovina
Christopher Brown,AIU0002207,Botswana
Mila Davis,AIU0002208,Brazil
Grayson White,AIU0002209,Brunei
Layla Johnson,AIU0002210,Bulgaria
Caleb Harris,AIU0002211,Burkina Faso
Lillian Miller,AIU0002212,Burundi
Ryan Wilson,AIU0002213,Cabo Verde
Addison Brown,AIU0002214,Cambodia
Nathan Johnson,AIU0002215,Cameroon
Lucy Green,AIU0002216,Canada
Dylan Harris,AIU0002217,Central African Republic
Paisley Wilson,AIU0002218,Chad
Eli Miller,AIU0002219,Chile
Aurora Brown,AIU0002220,China
Aaron Johnson,AIU0002221,Colombia
Stella White,AIU0002222,Comoros
Charles Davis,AIU0002223,Congo
Leah Wilson,AIU0002224,Costa Rica
Thomas Brown,AIU0002225,Croatia
Bella Johnson,AIU0002226,Cuba
Zachary Green,AIU0002227,Cyprus
Ellie Miller,AIU0002228,Czech Republic
Josiah Harris,AIU0002229,Denmark
Chloe Davis,AIU0002230,Djibouti
Adrian Wilson,AIU0002231,Dominica
Mila Brown,AIU0002232,Dominican Republic
Nicholas White,AIU0002233,East Timor
Riley Johnson,AIU0002234,Ecuador
Joshua Scott,AIU0002235,Egypt
Sophie Miller,AIU0002236,El Salvador
Adam Green,AIU0002237,Equatorial Guinea
Maya Wilson,AIU0002238,Eritrea
Aaron Davis,AIU0002239,Estonia
Hannah Johnson,AIU0002240,Eswatini
Levi Brown,AIU0002241,Ethiopia
Audrey White,AIU0002242,Fiji
Hunter Miller,AIU0002243,Finland
Eva Harris,AIU0002244,France
Christian Wilson,AIU0002245,Gabon
Evelyn Brown,AIU0002246,Gambia
Eli Scott,AIU0002247,Georgia
Arianna Davis,AIU0002248,Germany
Asher White,AIU0002249,Ghana
Sofia Johnson,AIU0002250,Greece
Max Brown,AIU0002251,Grenada
Hannah Wilson,AIU0002252,Guatemala
Josiah Taylor,AIU0002253,Guinea
Maya Miller,AIU0002254,Guinea-Bissau
Jonathan Davis 798,AIU0002255,Guyana
Emily Parker,AIU0002256,Haiti
Jack Wilson,AIU0002257,Honduras
Mia Bennett,AIU0002258,Hungary
Noah Fisher,AIU0002259,Iceland
Ava Richardson,AIU0002260,India
Liam Scott,AIU0002261,Indonesia
Isabella Turner,AIU0002262,Iran
Lucas Davis,AIU0002263,Iraq
Sophia Nelson,AIU0002264,Ireland
Mason Hall,AIU0002265,Israel
Olivia Clark,AIU0002266,Italy
Ethan Murphy,AIU0002267,Jamaica
Charlotte Adams,AIU0002268,Japan
Benjamin Lee,AIU0002269,Jordan
Amelia Carter,AIU0002270,Kazakhstan
Logan Thomas,AIU0002271,Kenya
Mia Walker,AIU0002272,Kiribati
Henry King,AIU0002273,"Korea, North"
Chloe Harris,AIU0002274,"Korea, South"
Jacob Lewis,AIU0002275,Kosovo
Grace Miller,AIU0002276,Kuwait
Michael Johnson,AIU0002277,Kyrgyzstan
Ella Moore,AIU0002278,Laos
Alexander Wright,AIU0002279,Latvia
Abigail Robinson,AIU0002280,Lebanon
James Martinez,AIU0002281,Lesotho
Scarlett White,AIU0002282,Liberia
Daniel Young,AIU0002283,Libya
Lily Cooper,AIU0002284,Liechtenstein
Sebastian Harris,AIU0002285,Lithuania
Emily Adams,AIU0002286,Luxembourg
Andrew Scott,AIU0002287,Madagascar
Zoe Sanders,AIU0002288,Malawi
Matthew Baker,AIU0002289,Malaysia
Ava Turner,AIU0002290,Maldives
William Campbell,AIU0002291,Mali
Olivia Rogers,AIU0002292,Malta
Jackson Clark,AIU0002293,Marshall Islands
Isla Evans,AIU0002294,Mauritania
Caleb Turner,AIU0002295,Mauritius
Sophia Phillips,AIU0002296,Mexico
Ryan Morgan,AIU0002297,Micronesia
Mia Reed,AIU0002298,Moldova
David Young,AIU0002299,Monaco
Aria Bell,AIU0002300,Mongolia
Logan Brooks,AIU0002301,Montenegro
Emma Lewis,AIU0002302,Morocco
Jack James,AIU0002303,Mozambique
Lily Davis,AIU0002304,Myanmar
Lucas Green,AIU0002305,Namibia
Grace White,AIU0002306,Nauru
Nathan Adams,AIU0002307,Nepal
Chloe Harris,AIU0002308,Netherlands
Daniel Morgan,AIU0002309,New Zealand
Ella Scott,AIU0002310,Nicaragua
Samuel Bell,AIU0002311,Niger
Nora Cooper,AIU0002312,Nigeria
Owen Murphy,AIU0002313,North Macedonia
Scarlett Carter,AIU0002314,Norway
Gabriel Collins,AIU0002315,Oman
Emily Scott,AIU0002316,Pakistan
Benjamin Reed,AIU0002317,Palau
Amelia Turner,AIU0002318,Panama
Aiden Wilson,AIU0002319,Papua New Guinea
Mia Johnson,AIU0002320,Paraguay
Isaac Walker,AIU0002321,Peru
Isla Bennett,AIU0002322,Philippines
Elijah White,AIU0002323,Poland
Sophie Carter,AIU0002324,Portugal
Henry Moore,AIU0002325,Qatar
Olivia Clark,AIU0002326,Romania
Ryan Scott,AIU0002327,Russia
Grace Martinez,AIU0002328,Rwanda
Daniel Phillips,AIU0002329,Saint Kitts and Nevis
Charlotte Lee,AIU0002330,Saint Lucia
James Smith,AIU0002331,Saint Vincent and the Grenadines
Emma Anderson,AIU0002332,Samoa
Jack Robinson,AIU0002333,San Marino
Ava Walker,AIU0002334,Sao Tome and Principe
Lucas Johnson,AIU0002335,Saudi Arabia
Lily Turner,AIU0002336,Senegal
Noah Harris,AIU0002337,Serbia
Chloe Adams,AIU0002338,Seychelles
Michael Evans,AIU0002339,Sierra Leone
Mia Collins,AIU0002340,Singapore
Matthew Scott,AIU0002341,Slovakia
Ella Wilson,AIU0002342,Slovenia
Oliver Turner,AIU0002343,Solomon Islands
Abigail White,AIU0002344,Somalia
Jackson Davis,AIU0002345,South Africa
Sophie Reed,AIU0002346,South Sudan
Logan Johnson,AIU0002347,Spain
Emily Green,AIU0002348,Sri Lanka
David Young,AIU0002349,Sudan
Ava Scott,AIU0002350,Suriname
Henry Adams,AIU0002351,Sweden
Mia Hall,AIU0002352,Switzerland
Samuel Wilson,AIU0002353,Syria
Grace Walker,AIU0002354,Taiwan
William Lewis,AIU0002355,Tajikistan
Ava Morris,AIU0002356,Tanzania
Jacob Lee,AIU0002357,Thailand
Sophia Jenkins,AIU0002358,Timor-Leste
Lucas Perry,AIU0002359,Togo
Mia Gray,AIU0002360,Tonga
Daniel Watson,AIU0002361,Trinidad and Tobago
Emma Hall,AIU0002362,Tunisia
Oliver Foster,AIU0002363,Turkey
Lily Morgan,AIU0002364,Turkmenistan
Aiden Brooks,AIU0002365,Tuvalu
Charlotte Murphy,AIU0002366,Uganda
Elijah White,AIU0002367,Ukraine
Isabella Hayes,AIU0002368,United Arab Emirates
Noah Turner,AIU0002369,United Kingdom
Amelia Hughes,AIU0002370,United States
Liam Rogers,AIU0002371,Uruguay
Grace Carter,AIU0002372,Uzbekistan
Benjamin Clark,AIU0002373,Vanuatu
Scarlett Phillips,AIU0002374,Vatican City
Jack Johnson,AIU0002375,Venezuela
Emma Davis,AIU0002376,Vietnam
Ethan Brown,AIU0002377,Yemen
Sophia Turner,AIU0002378,Zambia
Samuel Evans,AIU0002379,Zimbabwe
Mia Thompson,AIU0002380,Afghanistan
Alexander Gray,AIU0002381,Albania
Olivia King,AIU0002382,Algeria
Daniel Lewis,AIU0002383,Andorra
Aria Allen,AIU0002384,Angola
Jackson Clark,AIU0002385,Antigua and Barbuda
Emily Roberts,AIU0002386,Argentina
Logan Hill,AIU0002387,Armenia
Chloe Scott,AIU0002388,Australia
Gabriel Bell,AIU0002389,Austria
Amelia Murphy,AIU0002390,Azerbaijan
Matthew White,AIU0002391,Bahamas
Zoe Nelson,AIU0002392,Bahrain
Henry Harris,AIU0002393,Bangladesh
Mia Adams,AIU0002394,Barbados
William Carter,AIU0002395,Belarus
Lily Turner,AIU0002396,Belgium
Ryan Moore,AIU0002397,Belize
Sophia Bennett,AIU0002398,Benin
James Wilson,AIU0002399,Bhutan
Ava Brooks,AIU0002400,Bolivia
Noah Lee,AIU0002401,Bosnia and Herzegovina
Olivia Carter,AIU0002402,Botswana
Jack Anderson,AIU0002403,Brazil
Grace Collins,AIU0002404,Brunei
Lucas Davis,AIU0002405,Bulgaria
Emily Scott,AIU0002406,Burkina Faso
Samuel Turner,AIU0002407,Burundi
Mia Harris,AIU0002408,Cabo Verde
Daniel Green,AIU0002409,Cambodia
Charlotte Lewis,AIU0002410,Cameroon
Logan Foster,AIU0002411,Canada
Isabella Reed,AIU0002412,Central African Republic
Elijah Adams,AIU0002413,Afghanistan
Ava Smith,AIU0002414,Albania
Michael Lewis,AIU0002415,Algeria
Sophie Johnson,AIU0002416,Andorra
Liam White,AIU0002417,Angola
Emma Turner,AIU0002418,Antigua and Barbuda
Noah Scott,AIU0002419,Argentina
Amelia Brown,AIU0002420,Armenia
Oliver Nelson,AIU0002421,Australia
Chloe White,AIU0002422,Austria
Henry Wilson,AIU0002423,Azerbaijan
Olivia Davis,AIU0002424,Bahamas
Ryan Lee,AIU0002425,Bahrain
Grace Miller,AIU0002426,Bangladesh
Samuel Young,AIU0002427,Barbados
Mia Green,AIU0002428,Belarus
Daniel Clark,AIU0002429,Belgium
Charlotte Scott,AIU0002430,Belize
James Anderson,AIU0002431,Benin
Ava Adams,AIU0002432,Bhutan
Lucas Harris,AIU0002433,Bolivia
Lily Johnson,AIU0002434,Bosnia and Herzegovina
Michael Hill,AIU0002435,Botswana
Emma Smith,AIU0002436,Brazil
Benjamin Lewis,AIU0002437,Brunei
Scarlett Green,AIU0002438,Bulgaria
Jack Thomas,AIU0002439,Burkina Faso
Sophia Reed,AIU0002440,Burundi
Aiden Davis,AIU0002441,Cabo Verde
Mia Clark,AIU0002442,Cambodia
William White,AIU0002443,Cameroon
Emily Anderson,AIU0002444,Canada
Daniel Collins,AIU0002445,Central African Republic
Aria Brown,AIU0002446,Chad
Jackson Lewis,AIU0002447,Chile
Grace Thompson,AIU0002448,China
Noah Walker,AIU0002449,Colombia
Olivia Scott,AIU0002450,Comoros
Liam Turner,AIU0002451,Congo
Emma Green,AIU0002452,Costa Rica
Henry Foster,AIU0002453,Croatia
Ava Johnson,AIU0002454,Cuba
Samuel White,AIU0002455,Cyprus
Ella Thompson,AIU0002456,Czech Republic
Gabriel Roberts,AIU0002457,Denmark
Alexander Smith,AIU0002458,United Arab Emirates
Olivia Johnson,AIU0002459,United Kingdom
Liam Brown,AIU0002460,United States
Emma Davis,AIU0002461,Uruguay
Noah Miller,AIU0002462,Uzbekistan
Ava Wilson,AIU0002463,Vanuatu
William Moore,AIU0002464,Vatican City
Sophia Taylor,AIU0002465,Venezuela
James Anderson,AIU0002466,Vietnam
Isabella Thomas,AIU0002467,Yemen
Benjamin Jackson,AIU0002468,Zambia
Mia White,AIU0002469,Zimbabwe
Lucas Harris,AIU0002470,Afghanistan
Amelia Martin,AIU0002471,Albania
Henry Thompson,AIU0002472,Algeria
Harper Garcia,AIU0002473,Andorra
Ethan Martinez,AIU0002474,Angola
Evelyn Robinson,AIU0002475,Antigua and Barbuda
Matthew Clark,AIU0002476,Argentina
Abigail Rodriguez,AIU0002477,Armenia
Samuel Lewis,AIU0002478,Australia
Ella Lee,AIU0002479,Austria
David Walker,AIU0002480,Azerbaijan
Scarlett Hall,AIU0002481,Bahamas
Joseph Allen,AIU0002482,Bahrain
Grace Young,AIU0002483,Bangladesh
Michael King,AIU0002484,Barbados
Lily Scott,AIU0002485,Belarus
Daniel Wright,AIU0002486,Belgium
Aria Adams,AIU0002487,Belize
Aiden Mitchell,AIU0002488,Benin
Chloe Carter,AIU0002489,Bhutan
Logan Phillips,AIU0002490,Bolivia
Isla Evans,AIU0002491,Bosnia and Herzegovina
Jackson Turner,AIU0002492,Botswana
Charlotte Parker,AIU0002493,Brazil
Sebastian Collins,AIU0002494,Brunei
Aurora Murphy,AIU0002495,Bulgaria
Jack Rivera,AIU0002496,Burkina Faso
Zoey Cooper,AIU0002497,Burundi
Owen Richardson,AIU0002498,Cabo Verde
Stella Bailey,AIU0002499,Cambodia
Gabriel James,AIU0002500,Cameroon
Natalie Morris,AIU0002501,Canada
Carter Jenkins,AIU0002502,Central African Republic
Emilia Long,AIU0002503,Afghanistan
Wyatt Allen,AIU0002504,Albania
Zoe Sanders,AIU0002505,Algeria
Jayden Bennett,AIU0002506,Andorra
Alice Kelly,AIU0002507,Angola
Julian Cox,AIU0002508,Antigua and Barbuda
Leah Ward,AIU0002509,Argentina
Luke Gray,AIU0002510,Armenia
Hazel Ramirez,AIU0002511,Australia
Isaac Hughes,AIU0002512,Austria
Ellie Rogers,AIU0002513,Azerbaijan
Levi Bell,AIU0002514,Bahamas
Luna Powell,AIU0002515,Bahrain
Mateo Nelson,AIU0002516,Bangladesh
Savannah Mitchell,AIU0002517,Barbados
Anthony Price,AIU0002518,Belarus
Skylar Ross,AIU0002519,Belgium
Jaxon Rivera,AIU0002520,Belize
Audrey Bryant,AIU0002521,Benin
Lincoln Howard,AIU0002522,Bhutan
Bella Fisher,AIU0002523,Bolivia
Joshua Cooper,AIU0002524,Bosnia and Herzegovina
Nora Simmons,AIU0002525,Botswana
Christopher Hayes,AIU0002526,Brazil
Mila Brooks,AIU0002527,Brunei
Grayson Murphy,AIU0002528,Bulgaria
Layla Ward,AIU0002529,Burkina Faso
Caleb Foster,AIU0002530,Burundi
Lillian Turner,AIU0002531,Cabo Verde
Ryan Ward,AIU0002532,Cambodia
Addison Ramirez,AIU0002533,Cameroon
Nathan Wood,AIU0002534,Canada
Lucy Ward,AIU0002535,Central African Republic
Dylan Cox,AIU0002536,Chad
Paisley Rogers,AIU0002537,Chile
Eli Powell,AIU0002538,China
Aurora Barnes,AIU0002539,Colombia
Aaron Bennett,AIU0002540,Comoros
Stella Foster,AIU0002541,Congo
Charles Bryant,AIU0002542,Costa Rica
Leah Simmons,AIU0002543,Croatia
Thomas Coleman,AIU0002544,Cuba
Bella Murphy,AIU0002545,Cyprus
Zachary Morris,AIU0002546,Czech Republic
Ellie Peterson,AIU0002547,Denmark
Josiah Hayes,AIU0002548,United Arab Emirates
Chloe Bell,AIU0002549,United Kingdom
Adrian Davis,AIU0002550,United States
Mila Kelly,AIU0002551,Uruguay
Nicholas Miller,AIU0002552,Uzbekistan
Riley Ward,AIU0002553,Vanuatu
Joshua Cooper,AIU0002554,Vatican City
Sophie Adams,AIU0002555,Venezuela
Adam Turner,AIU0002556,Vietnam
Maya Morgan,AIU0002557,Yemen
Aaron Rivera,AIU0002558,Zambia
Hannah King,AIU0002559,Zimbabwe
Levi Martin,AIU0002560,Afghanistan
Audrey Evans,AIU0002561,Albania
Hunter Allen,AIU0002562,Algeria
Eva Collins,AIU0002563,Andorra
Christian Walker,AIU0002564,Angola
Evelyn Ward,AIU0002565,Antigua and Barbuda
Eli Reed,AIU0002566,Argentina
Arianna Foster,AIU0002567,Armenia
Asher Rogers,AIU0002568,Australia
Sofia Bell,AIU0002569,Austria
Max Sanders,AIU0002570,Azerbaijan
Hannah Powell,AIU0002571,Bahamas
Josiah Murphy,AIU0002572,Bahrain
Maya Hughes,AIU0002573,Bangladesh
Jonathan Jenkins,AIU0002574,Barbados
Addison Brown,AIU0002575,Belarus
Levi Hill,AIU0002576,Belgium
Ellie Powell,AIU0002577,Belize
Caleb Turner,AIU0002578,Benin
Lucy King,AIU0002579,Bhutan
Daniel Coleman,AIU0002580,Bolivia
Skylar Lee,AIU0002581,Bosnia and Herzegovina
Leo Baker,AIU0002582,Botswana
Ruby Price,AIU0002583,Brazil
Adrian Martin,AIU0002584,Brunei
Zoe Lewis,AIU0002585,Bulgaria
Gabriel Mitchell,AIU0002586,Burkina Faso
Aurora Adams,AIU0002587,Burundi
Jack Davis,AIU0002588,Cabo Verde
Lily Thompson,AIU0002589,Cambodia
Jason Young,AIU0002590,Cameroon
Alice Walker,AIU0002591,Canada
Thomas Rodriguez,AIU0002592,Central African Republic
Scarlett Baker,AIU0002593,Afghanistan
Alex Clark,AIU0002594,Albania
Leah Johnson,AIU0002595,Algeria
Mateo Wright,AIU0002596,Andorra
Emily Thompson,AIU0002597,Angola
Noah Wilson,AIU0002598,Antigua and Barbuda
Mia Brown,AIU0002599,Argentina
William Taylor,AIU0002600,Armenia
Sofia Harris,AIU0002601,Australia
James Davis,AIU0002602,Austria
Isabella Lee,AIU0002603,Azerbaijan
Benjamin Martinez,AIU0002604,Bahamas
Emma Walker,AIU0002605,Bahrain
Lucas Anderson,AIU0002606,Bangladesh
Amelia Scott,AIU0002607,Barbados
Henry Clark,AIU0002608,Belarus
Harper Allen,AIU0002609,Belgium
Ethan Thompson,AIU0002610,Belize
Evelyn Martinez,AIU0002611,Benin
Matthew Lewis,AIU0002612,Bhutan
Abigail Hill,AIU0002613,Bolivia
Samuel Davis,AIU0002614,Bosnia and Herzegovina
Ella Wright,AIU0002615,Botswana
David Roberts,AIU0002616,Brazil
Scarlett Carter,AIU0002617,Brunei
Joseph Phillips,AIU0002618,Bulgaria
Grace Mitchell,AIU0002619,Burkina Faso
Michael Cooper,AIU0002620,Burundi
Lily Edwards,AIU0002621,Cabo Verde
Daniel Jones,AIU0002622,Cambodia
Aria Turner,AIU0002623,Cameroon
Aiden Green,AIU0002624,Canada
Chloe Davis,AIU0002625,Central African Republic
Logan King,AIU0002626,Chad
Isla Carter,AIU0002627,Chile
Jackson Harris,AIU0002628,China
Charlotte Robinson,AIU0002629,Colombia
Sebastian Lewis,AIU0002630,Comoros
Aurora Allen,AIU0002631,Congo
Jack Morris,AIU0002632,Costa Rica
Zoey Harris,AIU0002633,Croatia
Owen Mitchell,AIU0002634,Cuba
Stella Moore,AIU0002635,Cyprus
Gabriel Miller,AIU0002636,Czech Republic
Natalie Young,AIU0002637,Denmark
Carter Reed,AIU0002638,United Arab Emirates
Emilia Phillips,AIU0002639,United Kingdom
Wyatt Taylor,AIU0002640,United States
Zoe Wright,AIU0002641,Uruguay
Jayden Hill,AIU0002642,Uzbekistan
Alice White,AIU0002643,Vanuatu
Julian Green,AIU0002644,Vatican City
Leah Turner,AIU0002645,Venezuela
Luke Hall,AIU0002646,Vietnam
Hazel Davis,AIU0002647,Yemen
Isaac Anderson,AIU0002648,Zambia
Ellie Moore,AIU0002649,Zimbabwe
Levi Jackson,AIU0002650,Afghanistan
Luna Robinson,AIU0002651,Albania
Mateo Cooper,AIU0002652,Algeria
Savannah Johnson,AIU0002653,Andorra
Anthony Hill,AIU0002654,Angola
Skylar Taylor,AIU0002655,Antigua and Barbuda
Jaxon Carter,AIU0002656,Argentina
Audrey Brown,AIU0002657,Armenia
Lincoln Lee,AIU0002658,Australia
Bella Anderson,AIU0002659,Austria
Joshua Davis,AIU0002660,Azerbaijan
Nora Robinson,AIU0002661,Bahamas
Christopher Scott,AIU0002662,Bahrain
Mila Harris,AIU0002663,Bangladesh
Grayson Taylor,AIU0002664,Barbados
Layla White,AIU0002665,Belarus
Caleb King,AIU0002666,Belgium
Lillian Walker,AIU0002667,Belize
Ryan Martinez,AIU0002668,Benin
Addison Reed,AIU0002669,Bhutan
Nathan Young,AIU0002670,Bolivia
Lucy Miller,AIU0002671,Bosnia and Herzegovina
Dylan Johnson,AIU0002672,Botswana
Paisley Allen,AIU0002673,Brazil
Eli Walker,AIU0002674,Brunei
Aurora Thompson,AIU0002675,Bulgaria
Aaron Martin,AIU0002676,Burkina Faso
Stella Brown,AIU0002677,Burundi
Charles Miller,AIU0002678,Cabo Verde
Leah Scott,AIU0002679,Cambodia
Thomas Phillips,AIU0002680,Cameroon
Bella Cooper,AIU0002681,Canada
Zachary Clark,AIU0002682,Central African Republic
Ellie Robinson,AIU0002683,Afghanistan
Josiah Davis,AIU0002684,Albania
Chloe Lewis,AIU0002685,Algeria
Adrian Turner,AIU0002686,Andorra
Mila Moore,AIU0002687,Angola
Nicholas Harris,AIU0002688,Antigua and Barbuda
Riley Johnson,AIU0002689,Argentina
Joshua Baker,AIU0002690,Armenia
Sophie Lee,AIU0002691,Australia
Adam Mitchell,AIU0002692,Austria
Maya Carter,AIU0002693,Azerbaijan
Aaron Scott,AIU0002694,Bahamas
Hannah Lewis,AIU0002695,Bahrain
Levi Walker,AIU0002696,Bangladesh
Audrey Martinez,AIU0002697,Barbados
Hunter King,AIU0002698,Belarus
Eva Brown,AIU0002699,Belgium
Christian Reed,AIU0002700,Belize
Evelyn Robinson,AIU0002701,Benin
Eli Anderson,AIU0002702,Bhutan
Arianna Wright,AIU0002703,Bolivia
Asher Miller,AIU0002704,Bosnia and Herzegovina
Sofia Davis,AIU0002705,Botswana
Max Turner,AIU0002706,Brazil
Hannah Lee,AIU0002707,Brunei
Josiah Smith,AIU0002708,Bulgaria
Maya Taylor,AIU0002709,Burkina Faso
Jonathan White,AIU0002710,Burundi
Addison Green,AIU0002711,Cabo Verde
Levi Harris,AIU0002712,Cambodia
Ellie Wilson,AIU0002713,Cameroon
Caleb Davis,AIU0002714,Canada
Lucy Martin,AIU0002715,Central African Republic
Daniel Robinson,AIU0002716,Chad
Skylar Baker,AIU0002717,Chile
Leo Young,AIU0002718,China
Ruby Johnson,AIU0002719,Colombia
Adrian Lewis,AIU0002720,Comoros
Zoe Scott,AIU0002721,Congo
Gabriel Taylor,AIU0002722,Costa Rica
Aurora Adams,AIU0002723,Croatia
Jack Turner,AIU0002724,Cuba
Lily Green,AIU0002725,Cyprus
Jason Johnson,AIU0002726,Czech Republic
Alice Clark,AIU0002727,Denmark
Thomas Lee,AIU0002728,United Arab Emirates
Scarlett Mitchell,AIU0002729,United Kingdom
Alex King,AIU0002730,United States
Leah Moore,AIU0002731,Uruguay
Mateo Walker,AIU0002732,Uzbekistan
Emily Harris,AIU0002733,Vanuatu
Noah Robinson,AIU0002734,Vatican City
Mia King,AIU0002735,Venezuela
William Miller,AIU0002736,Vietnam
Sofia Young,AIU0002737,Yemen
James Brown,AIU0002738,Zambia
Isabella Martinez,AIU0002739,Zimbabwe
Benjamin Taylor,AIU0002740,Afghanistan
Emma Davis,AIU0002741,Albania
Lucas Wilson,AIU0002742,Algeria
Amelia Clark,AIU0002743,Andorra
Henry Moore,AIU0002744,Angola
Harper White,AIU0002745,Antigua and Barbuda
Ethan Harris,AIU0002746,Argentina
Evelyn Brown,AIU0002747,Armenia
Matthew Johnson,AIU0002748,Australia
Abigail King,AIU0002749,Austria
Samuel Scott,AIU0002750,Azerbaijan
Ella Green,AIU0002751,Bahamas
David Lewis,AIU0002752,Bahrain
Scarlett Turner,AIU0002753,Bangladesh
Joseph Anderson,AIU0002754,Barbados
Grace Robinson,AIU0002755,Belarus
Michael Carter,AIU0002756,Belgium
Lily Wilson,AIU0002757,Belize
Daniel White,AIU0002758,Benin
Aria Martinez,AIU0002759,Bhutan
Aiden Johnson,AIU0002760,Bolivia
Chloe Harris,AIU0002761,Bosnia and Herzegovina
Logan Taylor,AIU0002762,Botswana
Isla Scott,AIU0002763,Brazil
Jackson Miller,AIU0002764,Brunei
Charlotte Davis,AIU0002765,Bulgaria
Sebastian King,AIU0002766,Burkina Faso
Aurora Brown,AIU0002767,Burundi
Jack Moore,AIU0002768,Cabo Verde
Zoey White,AIU0002769,Cambodia
Owen Clark,AIU0002770,Cameroon
Stella Lewis,AIU0002771,Canada
Gabriel Scott,AIU0002772,Central African Republic
Natalie Carter,AIU0002773,Afghanistan
Carter Johnson,AIU0002774,Albania
Emilia Green,AIU0002775,Algeria
Wyatt Wilson,AIU0002776,Andorra
Zoe Miller,AIU0002777,Angola
Jayden Robinson,AIU0002778,Antigua and Barbuda
Alice White,AIU0002779,Argentina
Julian Harris,AIU0002780,Armenia
Leah Davis,AIU0002781,Australia
Luke Brown,AIU0002782,Austria
Hazel Clark,AIU0002783,Azerbaijan
Isaac Johnson,AIU0002784,Bahamas
Ellie Martinez,AIU0002785,Bahrain
Levi Wilson,AIU0002786,Bangladesh
Luna Scott,AIU0002787,Barbados
Mateo Moore,AIU0002788,Belarus
Savannah Taylor,AIU0002789,Belgium
Anthony Clark,AIU0002790,Belize
Skylar Lewis,AIU0002791,Benin
Jaxon Walker,AIU0002792,Bhutan
Audrey White,AIU0002793,Bolivia
Lincoln Miller,AIU0002794,Bosnia and Herzegovina
Bella Brown,AIU0002795,Botswana
Joshua Scott,AIU0002796,Brazil
Nora Green,AIU0002797,Brunei
Christopher Wilson,AIU0002798,Bulgaria
Mila Davis,AIU0002799,Burkina Faso
Grayson White,AIU0002800,Burundi
Layla Johnson,AIU0002801,Cabo Verde
Caleb Clark,AIU0002802,Cambodia
Lillian Martinez,AIU0002803,Cameroon
Ryan Lewis,AIU0002804,Canada
Addison White,AIU0002805,Central African Republic
Nathan Walker,AIU0002806,Chad
Lucy Scott,AIU0002807,Chile
Dylan Brown,AIU0002808,China
Paisley Miller,AIU0002809,Colombia
Eli Johnson,AIU0002810,Comoros
Aurora Green,AIU0002811,Congo
Aaron Davis,AIU0002812,Costa Rica
Stella Wilson,AIU0002813,Croatia
Charles Martinez,AIU0002814,Cuba
Leah Clark,AIU0002815,Cyprus
Thomas Lewis,AIU0002816,Czech Republic
Bella Taylor,AIU0002817,Denmark
Zachary Scott,AIU0002818,United Arab Emirates
Ellie Walker,AIU0002819,United Kingdom
Josiah Brown,AIU0002820,United States
Chloe Johnson,AIU0002821,Uruguay
Adrian Miller,AIU0002822,Uzbekistan
Mila Green,AIU0002823,Vanuatu
Nicholas Wilson,AIU0002824,Vatican City
Riley Lewis,AIU0002825,Venezuela
Joshua White,AIU0002826,Vietnam
Sophie Davis,AIU0002827,Yemen
Adam Clark,AIU0002828,Zambia
Maya White,AIU0002829,Zimbabwe
Aaron Martinez,AIU0002830,Afghanistan
Hannah Green,AIU0002831,Albania
Levi Davis,AIU0002832,Algeria
Audrey Wilson,AIU0002833,Andorra
Hunter Scott,AIU0002834,Angola
Eva Johnson,AIU0002835,Antigua and Barbuda
Christian Brown,AIU0002836,Argentina
Evelyn Lewis,AIU0002837,Armenia
Eli Walker,AIU0002838,Australia
Arianna Davis,AIU0002839,Austria
Asher Miller,AIU0002840,Azerbaijan
Sofia White,AIU0002841,Bahamas
Max Wilson,AIU0002842,Bahrain
Hannah Scott,AIU0002843,Bangladesh
Josiah Lewis,AIU0002844,Barbados
Maya Martinez,AIU0002845,Belarus
Jonathan White,AIU0002846,Belgium
Addison Brown,AIU0002847,Belize
Levi Wilson,AIU0002848,Benin
Ellie Harris,AIU0002849,Bhutan
Caleb Davis,AIU0002850,Bolivia
Lucy Miller,AIU0002851,Bosnia and Herzegovina
Daniel Green,AIU0002852,Botswana
Skylar Johnson,AIU0002853,Brazil
Leo Taylor,AIU0002854,Brunei
Ruby Brown,AIU0002855,Bulgaria
Adrian Scott,AIU0002856,Burkina Faso
Zoe Wilson,AIU0002857,Burundi
Gabriel Lewis,AIU0002858,Cabo Verde
Aurora Clark,AIU0002859,Cambodia
Jack White,AIU0002860,Cameroon
Lily Brown,AIU0002861,Canada
Jason Martinez,AIU0002862,Central African Republic
Alice Davis,AIU0002863,Afghanistan
Thomas Green,AIU0002864,Albania
Scarlett Taylor,AIU0002865,Algeria
Alex Wilson,AIU0002866,Andorra
Leah Harris,AIU0002867,Angola
Mateo Lewis,AIU0002868,Antigua and Barbuda
Emily Scott,AIU0002869,Argentina
Noah Johnson,AIU0002870,Armenia
Mia Brown,AIU0002871,Australia
William Taylor,AIU0002872,Austria
Sofia Martinez,AIU0002873,Azerbaijan
James Wilson,AIU0002874,Bahamas
Isabella Davis,AIU0002875,Bahrain
Benjamin Brown,AIU0002876,Bangladesh
Emma Clark,AIU0002877,Barbados
Lucas Miller,AIU0002878,Belarus
Amelia Johnson,AIU0002879,Belgium
Henry Scott,AIU0002880,Belize
Harper Davis,AIU0002881,Benin
Ethan White,AIU0002882,Bhutan
Evelyn Green,AIU0002883,Bolivia
Matthew Taylor,AIU0002884,Bosnia and Herzegovina
Abigail Martinez,AIU0002885,Botswana
Samuel Wilson,AIU0002886,Brazil
Ella Harris,AIU0002887,Brunei
David Brown,AIU0002888,Bulgaria
Scarlett Lewis,AIU0002889,Burkina Faso
Joseph Walker,AIU0002890,Burundi
Grace Scott,AIU0002891,Cabo Verde
Michael Wilson,AIU0002892,Cambodia
Lily Taylor,AIU0002893,Cameroon
Daniel Green,AIU0002894,Canada
Aria Brown,AIU0002895,Central African Republic
Aiden Miller,AIU0002896,Chad
Chloe Davis,AIU0002897,Chile
Logan Scott,AIU0002898,China
Isla Johnson,AIU0002899,Colombia
Jackson Taylor,AIU0002900,Comoros
Charlotte Martinez,AIU0002901,Congo
Sebastian Green,AIU0002902,Costa Rica
Aurora Walker,AIU0002903,Croatia
Jack Wilson,AIU0002904,Cuba