name,ID,Country
Alexander,AIU00000000,Afghanistan
Olivia,AIU00000001,Albania
Liam,AIU00000002,Algeria
Emma,AIU00000003,Andorra
Noah,AIU00000004,Angola
Ava,AIU00000005,Antigua
William,AIU00000006,Argentina
Sophia,AIU00000007,Armenia
James,AIU00000008,Australia
Isabella,AIU00000009,Austria
Benjamin,AIU00000010,Azerbaijan
Mia,AIU00000011,Bahamas
Lucas,AIU00000012,Bahrain
Amelia,AIU00000013,Bangladesh
Henry,AIU00000014,Barbados
Harper,AIU00000015,Belarus
Ethan,AIU00000016,Belgium
Evelyn,AIU00000017,Belize
Matthew,AIU00000018,Benin
Abigail,AIU00000019,Bhutan
Samuel,AIU00000020,Bolivia
Ella,AIU00000021,Bosnia
David,AIU00000022,Botswana
Scarlett,AIU00000023,Brazil
Joseph,AIU00000024,Brunei
Grace,AIU00000025,Bulgaria
Michael,AIU00000026,Burkina
Lily,AIU00000027,Burundi
Daniel,AIU00000028,Cabo
Aria,AIU00000029,Cambodia
Aiden,AIU00000030,Cameroon
Chloe,AIU00000031,Canada
Logan,AIU00000032,Central
Isla,AIU00000033,Chad
Jackson,AIU00000034,Chile
Charlotte,AIU00000035,China
Sebastian,AIU00000036,Colombia
Aurora,AIU00000037,Comoros
Jack,AIU00000038,Congo
Zoey,AIU00000039,Costa Rica
Owen,AIU00000040,Croatia
Stella,AIU00000041,Cuba
Gabriel,AIU00000042,Cyprus
Natalie,AIU00000043,Czech
Carter,AIU00000044,Denmark
Emilia,AIU00000045,Djibouti
Wyatt,AIU00000046,Dominica
Zoe,AIU00000047,Dominican
Jayden,AIU00000048,East Timor
Alice,AIU00000049,Ecuador
Julian,AIU00000050,Egypt
Leah,AIU00000051,Salvador
Luke,AIU00000052,Equatorial
Hazel,AIU00000053,Eritrea
Isaac,AIU00000054,Estonia
Ellie,AIU00000055,Eswatini
Levi,AIU00000056,Ethiopia
Luna,AIU00000057,Fiji
Mateo,AIU00000058,Finland
Savannah,AIU00000059,France
Anthony,AIU00000060,Guinea
Skylar,AIU00000061,Gambia
Jaxon,AIU00000062,Georgia
Audrey,AIU00000063,Guinea
Lincoln,AIU00000064,Guinea
Bella,AIU00000065,Guinea
Joshua,AIU00000066,Guinea
Nora,AIU00000067,Guinea
Christopher,AIU00000068,Guinea
Mila,AIU00000069,Guinea
Grayson,AIU00000070,Guinea
Layla,AIU00000071,Guinea
Caleb,AIU00000072,Guinea
Lillian,AIU00000073,Guinea
Ryan,AIU00000074,Guinea
Addison,AIU00000075,Guinea
Nathan,AIU00000076,Guinea
Lucy,AIU00000077,Guinea
Dylan,AIU00000078,Iraq
Paisley,AIU00000079,Ireland
Eli,AIU00000080,Israel
Aurora,AIU00000081,Italy
Aaron,AIU00000082,Jamaica
Stella,AIU00000083,Japan
Charles,AIU00000084,Jordan
Leah,AIU00000085,Kazakhstan
Thomas,AIU00000086,Kenya
Bella,AIU00000087,Kiribati
Zachary,AIU00000088,Korea
Ellie,AIU00000089,Korea
Josiah,AIU00000090,Kosovo
Chloe,AIU00000091,Kuwait
Adrian,AIU00000092,Kyrgyzstan
Mila,AIU00000093,Laos
Nicholas,AIU00000094,Latvia
Riley,AIU00000095,Lebanon
Joshua,AIU00000096,Lesotho
Sophie,AIU00000097,Liberia
Adam,AIU00000098,Libya
Maya,AIU00000099,Liechtenstein
Aaron,AIU00000100,Lithuania
Hannah,AIU00000101,Luxembourg
Levi,AIU00000102,Madagascar
Audrey,AIU00000103,Malawi
Hunter,AIU00000104,Malaysia
Eva,AIU00000105,Maldives
Christian,AIU00000106,Mali
Evelyn,AIU00000107,Malta
Eli,AIU00000108,Marshall
Arianna,AIU00000109,Mauritania
Asher,AIU00000110,Mauritius
Sofia,AIU00000111,Mexico
Max,AIU00000112,Micronesia
Hannah,AIU00000113,Moldova
Josiah,AIU00000114,Monaco
Maya,AIU00000115,Mongolia
Jonathan,AIU00000116,Montenegro
Addison,AIU00000117,Morocco
Levi,AIU00000118,Mozambique
Ellie,AIU00000119,Myanmar
Caleb,AIU00000120,Namibia
Lucy,AIU00000121,Nauru
Daniel,AIU00000122,Nepal
Skylar,AIU00000123,Netherlands
Leo,AIU00000124,New Zealand
Ruby,AIU00000125,Nicaragua
Adrian,AIU00000126,Niger
Zoe,AIU00000127,Guinea
Gabriel,AIU00000128,Guinea
Aurora,AIU00000129,Guinea
Jack,AIU00000130,Guinea
Lily,AIU00000131,Guinea
Jason,AIU00000132,Guinea
Alice,AIU00000133,Guinea
Thomas,AIU00000134,Guinea
Scarlett,AIU00000135,Guinea
Alex,AIU00000136,Guinea
Leah,AIU00000137,Guinea
Mateo,AIU00000138,Guinea
Emily,AIU00000139,Guinea
Noah,AIU00000140,Guinea
Mia,AIU00000141,Guinea
William,AIU00000142,Guinea
Sofia,AIU00000143,Guinea
James,AIU00000144,Guinea
Isabella,AIU00000145,Guinea
Benjamin,AIU00000146,Guinea
Emma,AIU00000147,Guinea
Lucas,AIU00000148,Guinea
Amelia,AIU00000149,Guinea
Henry,AIU00000150,Guinea
Harper,AIU00000151,Guinea
Ethan,AIU00000152,Guinea
Evelyn,AIU00000153,Guinea
Matthew,AIU00000154,Guinea
Abigail,AIU00000155,Guinea
Samuel,AIU00000156,Guinea
Ella,AIU00000157,Guinea
David,AIU00000158,Guinea
Scarlett,AIU00000159,Guinea
Joseph,AIU00000160,Guinea
Grace,AIU00000161,Guinea
Michael,AIU00000162,Guinea
Lily,AIU00000163,Guinea
Daniel,AIU00000164,Guinea
Aria,AIU00000165,Guinea
Aiden,AIU00000166,Guinea
Chloe,AIU00000167,Guinea
Logan,AIU00000168,Guinea
Isla,AIU00000169,Guinea
Jackson,AIU00000170,Guinea
Charlotte,AIU00000171,Guinea
Sebastian,AIU00000172,Guinea
Aurora,AIU00000173,Guinea
Jack,AIU00000174,Guinea
Zoey,AIU00000175,Guinea
Owen,AIU00000176,Guinea
Stella,AIU00000177,Guinea
Gabriel,AIU00000178,Guinea
Natalie,AIU00000179,Guinea
Carter,AIU00000180,Guinea
Emilia,AIU00000181,Guinea
Wyatt,AIU00000182,Guinea
Zoe,AIU00000183,Guinea
Jayden,AIU00000184,Guinea
Alice,AIU00000185,Guinea
Julian,AIU00000186,Guinea
Leah,AIU00000187,Guinea
Luke,AIU00000188,Guinea
Hazel,AIU00000189,Guinea
Isaac,AIU00000190,Guinea
Ellie,AIU00000191,Guinea
Levi,AIU00000192,Guinea
Luna,AIU00000193,Algeria
Mateo,AIU00000194,Andorra
Savannah,AIU00000195,Angola
Anthony,AIU00000196,Antigua and Barbuda
Skylar,AIU00000197,Argentina
Jaxon,AIU00000198,Armenia
Audrey,AIU00000199,Australia
Lincoln,AIU00000200,Austria
Bella,AIU00000201,Azerbaijan
Joshua,AIU00000202,Bahamas
Nora,AIU00000203,Bahrain
Christopher,AIU00000204,Bangladesh
Mila,AIU00000205,Barbados
Grayson,AIU00000206,Belarus
Layla,AIU00000207,Belgium
Caleb,AIU00000208,Belize
Lillian,AIU00000209,Benin
Ryan,AIU00000210,Bhutan
Addison,AIU00000211,Bolivia
Nathan,AIU00000212,Bosnia and Herzegovina
Lucy,AIU00000213,Botswana
Dylan,AIU00000214,Brazil
Paisley,AIU00000215,Brunei
Eli,AIU00000216,Bulgaria
Aurora,AIU00000217,Burkina Faso
Aaron,AIU00000218,Burundi
Stella,AIU00000219,Cabo Verde
Charles,AIU00000220,Cambodia
Leah,AIU00000221,Cameroon
Thomas,AIU00000222,Canada
Bella,AIU00000223,Central African Republic
Zachary,AIU00000224,Chad
Ellie,AIU00000225,Chile
Josiah,AIU00000226,China
Chloe,AIU00000227,Colombia
Adrian,AIU00000228,Comoros
Mila,AIU00000229,Congo
Nicholas,AIU00000230,Costa Rica
Riley,AIU00000231,Croatia
Joshua,AIU00000232,Cuba
Sophie,AIU00000233,Cyprus
Adam,AIU00000234,Czech Republic
Maya,AIU00000235,Denmark
Aaron,AIU00000236,Djibouti
Hannah,AIU00000237,Dominica
Levi,AIU00000238,Dominican Republic
Audrey,AIU00000239,East Timor
Hunter,AIU00000240,Ecuador
Eva,AIU00000241,Egypt
Christian,AIU00000242,El Salvador
Evelyn,AIU00000243,Equatorial Guinea
Eli,AIU00000244,Eritrea
Arianna,AIU00000245,Estonia
Asher,AIU00000246,Eswatini
Sofia,AIU00000247,Ethiopia
Max,AIU00000248,Fiji
Hannah,AIU00000249,Finland
Josiah,AIU00000250,France
Maya,AIU00000251,Gabon
Jonathan,AIU00000252,Gambia
Addison,AIU00000253,Georgia
Levi,AIU00000254,Germany
Ellie,AIU00000255,Ghana
Caleb,AIU00000256,Greece
Lucy,AIU00000257,Grenada
Daniel,AIU00000258,Guatemala
Skylar,AIU00000259,Guinea
Leo,AIU00000260,Guinea-Bissau
Ruby,AIU00000261,Guyana
Adrian,AIU00000262,Haiti
Zoe,AIU00000263,Honduras
Gabriel,AIU00000264,Hungary
Aurora,AIU00000265,Iceland
Jack,AIU00000266,India
Lily,AIU00000267,Indonesia
Jason,AIU00000268,Iran
Alice,AIU00000269,Iraq
Thomas,AIU00000270,Ireland
Scarlett,AIU00000271,Israel
Alex,AIU00000272,Italy
Leah,AIU00000273,Jamaica
Mateo,AIU00000274,Japan
Emily,AIU00000275,Jordan
Noah,AIU00000276,Kazakhstan
Mia,AIU00000277,Kenya
William,AIU00000278,Kiribati
Sofia,AIU00000279,"Korea, North"
James,AIU00000280,"Korea, South"
Isabella,AIU00000281,Kosovo
Benjamin,AIU00000282,Kuwait
Emma,AIU00000283,Kyrgyzstan
Lucas,AIU00000284,Laos
Amelia,AIU00000285,Latvia
Henry,AIU00000286,Lebanon
Harper,AIU00000287,Lesotho
Ethan,AIU00000288,Liberia
Evelyn,AIU00000289,Libya
Matthew,AIU00000290,Liechtenstein
Abigail,AIU00000291,Lithuania
Samuel,AIU00000292,Luxembourg
Ella,AIU00000293,Madagascar
David,AIU00000294,Malawi
Scarlett,AIU00000295,Malaysia
Joseph,AIU00000296,Malaysia
Grace,AIU00000297,Malaysia
Michael,AIU00000298,Malaysia
Lily,AIU00000299,Malaysia
Daniel,AIU00000300,Malaysia
Aria,AIU00000301,Malaysia
Aiden,AIU00000302,Malaysia
Chloe,AIU00000303,Malaysia
Logan,AIU00000304,Moldova
Isla,AIU00000305,Monaco
Jackson,AIU00000306,Mongolia
Charlotte,AIU00000307,Montenegro
Sebastian,AIU00000308,Morocco
Aurora,AIU00000309,Mozambique
Jack,AIU00000310,Myanmar
Zoey,AIU00000311,Malaysia
Owen,AIU00000312,Nauru
Stella,AIU00000313,Nepal
Gabriel,AIU00000314,Malaysia
Natalie,AIU00000315,New Zealand
Carter,AIU00000316,Nicaragua
Emilia,AIU00000317,Malaysia
Wyatt,AIU00000318,Malaysia
Zoe,AIU00000319,Malaysia
Jayden,AIU00000320,Malaysia
Alice,AIU00000321,Malaysia
Julian,AIU00000322,Malaysia
Leah,AIU00000323,Malaysia
Luke,AIU00000324,Malaysia
Hazel,AIU00000325,Moldova
Isaac,AIU00000326,Monaco
Ellie,AIU00000327,Mongolia
Levi,AIU00000328,Montenegro
Luna,AIU00000329,Morocco
Mateo,AIU00000330,Mozambique
Savannah,AIU00000331,Myanmar
Anthony,AIU00000332,Malaysia
Skylar,AIU00000333,Nauru
Jaxon,AIU00000334,Malaysia
Audrey,AIU00000335,Malaysia
Lincoln,AIU00000336,Malaysia
Bella,AIU00000337,Malaysia
Joshua,AIU00000338,Malaysia
Nora,AIU00000339,Malaysia
Christopher,AIU00000340,Malaysia
Mila,AIU00000341,Malaysia
Grayson,AIU00000342,Moldova
Layla,AIU00000343,Monaco
Caleb,AIU00000344,Mongolia
Lillian,AIU00000345,Montenegro
Ryan,AIU00000346,Morocco
Addison,AIU00000347,Mozambique
Nathan,AIU00000348,Myanmar
Lucy,AIU00000349,Malaysia
Dylan,AIU00000350,Nauru
Paisley,AIU00000351,Malaysia
Eli,AIU00000352,Malaysia
Aurora,AIU00000353,Malaysia
Aaron,AIU00000354,Malaysia
Stella,AIU00000355,Malaysia
Charles,AIU00000356,Suriname
Leah,AIU00000357,Sweden
Thomas,AIU00000358,Switzerland
Bella,AIU00000359,Syria
Zachary,AIU00000360,Taiwan
Ellie,AIU00000361,Tajikistan
Josiah,AIU00000362,Tanzania
Chloe,AIU00000363,Thailand
Adrian,AIU00000364,Timor-Leste
Mila,AIU00000365,Turkey
Nicholas,AIU00000366,Turkmenistan
Riley,AIU00000367,Tuvalu
Joshua,AIU00000368,Uganda
Sophie,AIU00000369,Ukraine
Adam,AIU00000370,United Arab Emirates
Maya,AIU00000371,United Kingdom
Aaron,AIU00000372,United States
Hannah,AIU00000373,Uruguay
Levi,AIU00000374,Uzbekistan
Audrey,AIU00000375,Vanuatu
Hunter,AIU00000376,Vatican City
Eva,AIU00000377,Venezuela
Christian,AIU00000378,Vietnam
Evelyn,AIU00000379,Yemen
Eli,AIU00000380,Zambia
Arianna,AIU00000381,Zimbabwe
Asher,AIU00000382,Afghanistan
Sofia,AIU00000383,Albania
Max,AIU00000384,Algeria
Hannah,AIU00000385,Andorra
Josiah,AIU00000386,Angola
Maya,AIU00000387,Antigua and Barbuda
Jonathan,AIU00000388,Argentina
Addison,AIU00000389,Armenia
Levi,AIU00000390,Australia
Ellie,AIU00000391,Austria
Caleb,AIU00000392,Azerbaijan
Lucy,AIU00000393,Bahamas
Daniel,AIU00000394,Bahrain
Skylar,AIU00000395,Bangladesh
Leo,AIU00000396,Barbados
Ruby,AIU00000397,Belarus
Adrian,AIU00000398,Belgium
Zoe,AIU00000399,Belize
Gabriel,AIU00000400,Benin
Aurora,AIU00000401,Bhutan
Jack,AIU00000402,Bolivia
Lily,AIU00000403,Bosnia and Herzegovina
Jason,AIU00000404,Botswana
Alice,AIU00000405,Brazil
Thomas,AIU00000406,Brunei
Scarlett,AIU00000407,Bulgaria
Alex,AIU00000408,Burkina Faso
Leah,AIU00000409,Burundi
Mateo,AIU00000410,Cabo Verde
Emily,AIU00000411,Cambodia
Noah,AIU00000412,Cameroon
Mia,AIU00000413,Canada
William,AIU00000414,Central African Republic
Sofia,AIU00000415,Chad
James,AIU00000416,Chile
Isabella,AIU00000417,China
Benjamin,AIU00000418,Colombia
Emma,AIU00000419,Comoros
Lucas,AIU00000420,Congo
Amelia,AIU00000421,Costa Rica
Henry,AIU00000422,Croatia
Harper,AIU00000423,Cuba
Ethan,AIU00000424,Cyprus
Evelyn,AIU00000425,Czech Republic
Matthew,AIU00000426,Denmark
Abigail,AIU00000427,Djibouti
Samuel,AIU00000428,Dominica
Ella,AIU00000429,Dominican Republic
David,AIU00000430,East Timor
Scarlett,AIU00000431,Ecuador
Joseph,AIU00000432,Egypt
Grace,AIU00000433,El Salvador
Michael,AIU00000434,Equatorial Guinea
Lily,AIU00000435,Eritrea
Daniel,AIU00000436,Estonia
Aria,AIU00000437,Eswatini
Aiden,AIU00000438,Ethiopia
Chloe,AIU00000439,Fiji
Logan,AIU00000440,Finland
Isla,AIU00000441,France
Jackson,AIU00000442,Gabon
Charlotte,AIU00000443,Gambia
Sebastian,AIU00000444,Georgia
Aurora,AIU00000445,Germany
Jack,AIU00000446,Ghana
Zoey,AIU00000447,Greece
Owen,AIU00000448,Micronesia
Stella,AIU00000449,Moldova
Gabriel,AIU00000450,Monaco
Natalie,AIU00000451,Mongolia
Carter,AIU00000452,Montenegro
Emilia,AIU00000453,Morocco
Wyatt,AIU00000454,Mozambique
Zoe,AIU00000455,Myanmar
Jayden,AIU00000456,Myanmar
Alice,AIU00000457,Nauru
Julian,AIU00000458,Myanmar
Leah,AIU00000459,Myanmar
Luke,AIU00000460,New Zealand
Hazel,AIU00000461,Myanmar
Isaac,AIU00000462,Myanmar
Ellie,AIU00000463,Myanmar
Levi,AIU00000464,Myanmar
Luna,AIU00000465,Myanmar
Mateo,AIU00000466,Myanmar
Savannah,AIU00000467,Myanmar
Anthony,AIU00000468,Palau
Skylar,AIU00000469,Panama
Jaxon,AIU00000470,Morocco
Audrey,AIU00000471,Mozambique
Lincoln,AIU00000472,Myanmar
Bella,AIU00000473,Myanmar
Joshua,AIU00000474,Nauru
Nora,AIU00000475,Myanmar
Christopher,AIU00000476,Myanmar
Mila,AIU00000477,New Zealand
Grayson,AIU00000478,Myanmar
Layla,AIU00000479,Myanmar
Caleb,AIU00000480,Myanmar
Lillian,AIU00000481,Myanmar
Ryan,AIU00000482,Myanmar
Addison,AIU00000483,Myanmar
Nathan,AIU00000484,Myanmar
Lucy,AIU00000485,Morocco
Dylan,AIU00000486,Mozambique
Paisley,AIU00000487,Myanmar
Eli,AIU00000488,Myanmar
Aurora,AIU00000489,Nauru
Aaron,AIU00000490,Myanmar
Stella,AIU00000491,Myanmar
Charles,AIU00000492,New Zealand
Leah,AIU00000493,Myanmar
Thomas,AIU00000494,Myanmar
Bella,AIU00000495,Myanmar
Zachary,AIU00000496,Myanmar
Ellie,AIU00000497,Myanmar
Josiah,AIU00000498,Myanmar
Chloe,AIU00000499,Myanmar
Adrian,AIU00000500,Morocco
Mila,AIU00000501,Mozambique
Nicholas,AIU00000502,Myanmar
Riley,AIU00000503,Myanmar
Joshua,AIU00000504,Nauru
Sophie,AIU00000505,Myanmar
Adam,AIU00000506,Myanmar
Maya,AIU00000507,New Zealand
Aaron,AIU00000508,Myanmar
Hannah,AIU00000509,Myanmar
Levi,AIU00000510,Myanmar
Audrey,AIU00000511,Myanmar
Hunter,AIU00000512,Myanmar
Eva,AIU00000513,Myanmar
Christian,AIU00000514,Turkey
Evelyn,AIU00000515,Turkmenistan
Eli,AIU00000516,Tuvalu
Arianna,AIU00000517,Uganda
Asher,AIU00000518,Ukraine
Sofia,AIU00000519,United Arab Emirates
Max,AIU00000520,United Kingdom
Hannah,AIU00000521,United States
Josiah,AIU00000522,Uruguay
Maya,AIU00000523,Uzbekistan
Jonathan,AIU00000524,Vanuatu
Addison,AIU00000525,Vatican City
Levi,AIU00000526,Venezuela
Ellie,AIU00000527,Vietnam
Caleb,AIU00000528,Yemen
Lucy,AIU00000529,Zambia
Daniel,AIU00000530,Zimbabwe
Skylar,AIU00000531,Afghanistan
Leo,AIU00000532,Albania
Ruby,AIU00000533,Algeria
Adrian,AIU00000534,Andorra
Zoe,AIU00000535,Angola
Gabriel,AIU00000536,Antigua and Barbuda
Aurora,AIU00000537,Argentina
Jack,AIU00000538,Armenia
Lily,AIU00000539,Australia
Jason,AIU00000540,Austria
Alice,AIU00000541,Azerbaijan
Thomas,AIU00000542,Bahamas
Scarlett,AIU00000543,Bahrain
Alex,AIU00000544,Bangladesh
Leah,AIU00000545,Barbados
Mateo,AIU00000546,Belarus
Emily,AIU00000547,Belgium
Noah,AIU00000548,Belize
Mia,AIU00000549,Benin
William,AIU00000550,Bhutan
Sofia,AIU00000551,Bolivia
James,AIU00000552,Bosnia and Herzegovina
Isabella,AIU00000553,Botswana
Benjamin,AIU00000554,Brazil
Emma,AIU00000555,Brunei
Lucas,AIU00000556,Bulgaria
Amelia,AIU00000557,Burkina Faso
Henry,AIU00000558,Burundi
